object,publication,source_family,discovery_method,physical_event,evidence_summary,bright_endpoint,faint_endpoint,survey_instrument,immutable_identifiers,exact_endpoints,publicly_retrievable,hbeta_coverage,native_quality_feasibility,proposed_reference_tier,q1_eligible,exclusion_reason,approximate_acquisition_size
SDSSJ015957.64+003310.4,LaMassa+2015,LaMassa2015,archival repeat spectroscopy,turn_off,"Type 1 to 1.9; broad Hbeta disappears, broad Halpha fades, AGN continuum drops about sixfold; optical/X-ray/photometric coherence",MJD51871,MJD55201,SDSS/BOSS,"403-51871-0549;3609-55201-0524",YES,YES,YES,METADATA_FEASIBLE_PENDING_NATIVE_QC,GOLD,PROVISIONAL_YES_PENDING_ACQUISITION_QC,,~0.4 MB pair
SDSSJ012648.08-083948.0,Ruan+2016;Potts&Villforth2021,Ruan2016,archival pipeline-class transition plus independent difference spectrum,turn_off,"Hbeta and Halpha completely disappear; Hgamma disappearance in difference spectrum; continuum dims",MJD52163,MJD54465,SDSS/BOSS,"661-52163-0604;2878-54465-0377",YES,YES,YES,METADATA_FEASIBLE_PENDING_NATIVE_QC,GOLD,PROVISIONAL_YES_PENDING_ACQUISITION_QC,,~0.4 MB pair
SDSSJ101152.98+544206.4,Runnoe+2016,Runnoe2016,TDSS repeat spectroscopy,turn_off,"blue continuum drops >9.8-fold; broad Halpha luminosity drops 55-fold; primary spectrum reports complete broad-Hbeta disappearance",MJD52652,MJD57073,SDSS/eBOSS,"945-52652-0022;8181-57073-0827",YES,YES,YES,METADATA_FEASIBLE_PENDING_NATIVE_QC,GOLD,PROVISIONAL_YES_PENDING_ACQUISITION_QC,,~0.4 MB pair
SDSSJ000236.25-002724.8,Potts&Villforth2021,Potts2021,difference-spectrum repeat search,repeating turn_off then turn_on,"continuum and broad Hbeta disappear in the off transition; Halpha diminishes; third epoch restores continuum and broad lines",MJD51791,MJD52559,SDSS/SDSS,"387-51791-0110;669-52559-0306",YES,YES,YES,METADATA_FEASIBLE_PENDING_NATIVE_QC,GOLD,PROVISIONAL_YES_PENDING_ACQUISITION_QC,"Q1 uses the first published off transition; third epoch is corroboration, not a substitute",~0.35 MB pair
SDSSJ135855.83+493414.2,Yang+2018;Potts&Villforth2021,Potts2021,repeat-SDSS difference-spectrum confirmation,turn_on,"type 2 to type 1; strong Hbeta and Halpha emergence plus blue continuum; described as the clearest/extreme turn-on in the Potts sample",MJD54553,MJD53438,SDSS/SDSS,"1670-54553-0073;1670-53438-0061",YES,YES,YES,METADATA_FEASIBLE_PENDING_NATIVE_QC,GOLD,PROVISIONAL_YES_PENDING_ACQUISITION_QC,,~0.35 MB pair
SDSSJ021359.79+004226.81,Green+2022,Green2022,visually selected TDSS repeat spectroscopy,turn_off,"primary paper states all broad Balmer lines weaken substantially and become narrow; strong steady dimming and long spectral baseline",MJD51816,MJD58097,SDSS/eBOSS,"405-51816-0458;9383-58097-0829",YES,YES,YES,METADATA_FEASIBLE_PENDING_NATIVE_QC,GOLD,PROVISIONAL_YES_PENDING_ACQUISITION_QC,"Tier uses published morphology/continuum narrative only; Green Nsigma not used as truth",~0.45 MB pair
SDSSJ002311.06+003517.5,MacLeod+2016,MacLeod2016,photometric variability plus repeat spectroscopy,turn_on/flickering,"large continuum variability and emerging Hbeta, but primary paper reports low per-pixel transition significance and later flickering",MJD55480,MJD51816,SDSS/BOSS,"4219-55480-0852;390-51816-0564",YES,YES,YES,METADATA_FEASIBLE_PENDING_NATIVE_QC,SILVER,SENSITIVITY_CANDIDATE,"Not strict GOLD; multiple later publications deduplicated to the original event",~0.4 MB pair
SDSSJ022556.07+003026.7,MacLeod+2016,MacLeod2016,multi-epoch repeat spectroscopy,turn_off_then_on,"Hbeta vanishes and later reappears with continuum; MgII changes, but paper calls the disappearance low significance because the source is faint",MJD52944,MJD55445,SDSS/BOSS,"1508-52944-0556;3615-55445-0617",YES,YES,YES,LOW_SN_REPORTED_PENDING_NATIVE_QC,SILVER,SENSITIVITY_CANDIDATE,"Low-significance endpoint prevents GOLD",~0.4 MB pair
SDSSJ100220.17+450927.3,MacLeod+2016,MacLeod2016,photometric variability plus repeat spectroscopy,turn_off,"broad Hbeta becomes absent and continuum dims strongly, but broad MgII persists",MJD52376,MJD56683,SDSS/BOSS,"943-52376-0310;7284-56683-0122",YES,YES,YES,METADATA_FEASIBLE_PENDING_NATIVE_QC,SILVER,SENSITIVITY_CANDIDATE,"Single-line ambiguity relative to GOLD standard",~0.4 MB pair
SDSSJ214613.31+000930.8,MacLeod+2016,MacLeod2016,photometric variability plus repeat spectroscopy,turn_on,"Hbeta absent in faint spectrum and emerges with >1 mag brightening; source paper reports low per-pixel significance",MJD55478,MJD52968,SDSS/BOSS,"4196-55478-0774;1107-52968-0358",YES,YES,YES,METADATA_FEASIBLE_PENDING_NATIVE_QC,SILVER,SENSITIVITY_CANDIDATE,"Low-significance published morphology prevents GOLD",~0.4 MB pair
SDSSJ225240.37+010958.7,MacLeod+2016,MacLeod2016,photometric variability plus repeat spectroscopy,turn_on/flickering,"broad-line and continuum emergence with >2 mag brightening; boxy Hbeta and later flickering complicate a strict event",MJD55500,MJD52174,SDSS/BOSS,"4294-55500-0045;676-52174-0442",YES,YES,YES,METADATA_FEASIBLE_PENDING_NATIVE_QC,SILVER,SENSITIVITY_CANDIDATE,"Profile/flickering ambiguity",~0.4 MB pair
SDSSJ233317.38-002303.4,MacLeod+2016,MacLeod2016,photometric variability plus repeat spectroscopy,turn_on,"broad-line emergence and >2 mag continuum brightening; limited independent multiline narrative",MJD55447,MJD52199,SDSS/BOSS,"4212-55447-0312;681-52199-0114",YES,YES,YES,METADATA_FEASIBLE_PENDING_NATIVE_QC,SILVER,SENSITIVITY_CANDIDATE,"Evidence credible but less independently corroborated than GOLD",~0.4 MB pair
SDSSJ082323.89+422048.3,Potts&Villforth2021,Potts2021,difference-spectrum repeat search,turn_off,"Hbeta completely disappears and continuum dims; broad Halpha remains strongly present (type 1 to 1.9)",MJD52266,MJD54524,SDSS/SDSS,"761-52266-0415;761-54524-0434",YES,YES,YES,METADATA_FEASIBLE_PENDING_NATIVE_QC,SILVER,SENSITIVITY_CANDIDATE,"Persistent broad Halpha limits multiline disappearance support",~0.35 MB pair
SDSSJ172322.31+550413.8,Potts&Villforth2021,Potts2021,difference-spectrum repeat search,turn_on,"Hbeta and Halpha strengthen rapidly with blue continuum, but faint state is already type 1.8 with weak broad Hbeta",MJD51997,MJD51813,SDSS/SDSS,"367-51997-0172;357-51813-0162",YES,YES,YES,METADATA_FEASIBLE_PENDING_NATIVE_QC,SILVER,SENSITIVITY_CANDIDATE,"Broad line present in faint endpoint",~0.35 MB pair
SDSSJ110423.21+634305.3,Yang+2018,Yang2018,SDSS repeat-spectrum visual search,turn_off,"type 1 to 1.8 with coordinated continuum/mid-IR dimming; broad Hbeta weakens but does not disappear",MJD52370,MJD54498,SDSS/BOSS,"596-52370-0316;2882-54498-0588",YES,YES,YES,METADATA_FEASIBLE_PENDING_NATIVE_QC,SILVER,SENSITIVITY_CANDIDATE,"Intermediate-type transition",~0.4 MB pair
SDSSJ115039.32+363258.4,Yang+2018,Yang2018,SDSS repeat-spectrum visual search,turn_off,"type 1 to 1.9 with strong continuum dimming and broad-Hbeta loss",MJD53436,MJD57422,SDSS/eBOSS,"2035-53436-0464;8872-57422-0301",YES,YES,YES,METADATA_FEASIBLE_PENDING_NATIVE_QC,SILVER,SENSITIVITY_CANDIDATE,"Potts later excluded this event from its clearest/strongest subset",~0.45 MB pair
SDSSJ153355.99+011029.7,Yang+2018,Yang2018,SDSS repeat-spectrum visual search,turn_on,"intermediate type 1.9 to 1.5 with broad-Hbeta enhancement and modest coordinated brightening",MJD54561,MJD51989,SDSS/BOSS,"2954-54561-0045;363-51989-0575",YES,YES,YES,METADATA_FEASIBLE_PENDING_NATIVE_QC,SILVER,SENSITIVITY_CANDIDATE,"Not a clean absent-to-present transition",~0.4 MB pair
SDSSJ020514.77-045639.74,Green+2022,Green2022,visually selected TDSS repeat spectroscopy,turn_off,"published repeat spectra show credible broad-Hbeta weakening; no independent strong multiline disappearance narrative",MJD55944,MJD57723,BOSS/eBOSS,"4393-55944-0358;9327-57723-0246",YES,YES,YES,METADATA_FEASIBLE_PENDING_NATIVE_QC,SILVER,SENSITIVITY_CANDIDATE,"Green threshold output not used for tier",~0.45 MB pair
SDSSJ021259.59-003029.43,Green+2022,Green2022,visually selected TDSS repeat spectroscopy,turn_off,"strong broad-line profile change with double-peaked higher Balmer structure; disappearance is not unequivocally documented",MJD51816,MJD56979,SDSS/eBOSS,"405-51816-0189;7834-56979-0188",YES,YES,YES,METADATA_FEASIBLE_PENDING_NATIVE_QC,SILVER,SENSITIVITY_CANDIDATE,"Complex profile rather than clean disappearance",~0.45 MB pair
SDSSJ024508.67+003710.68,Green+2022,Green2022,visually selected TDSS repeat spectroscopy,turn_off,"credible broad-Hbeta change but only modest continuum/color change",MJD51871,MJD58081,SDSS/eBOSS,"409-51871-0345;9380-58081-0482",YES,YES,YES,METADATA_FEASIBLE_PENDING_NATIVE_QC,SILVER,SENSITIVITY_CANDIDATE,"Continuum corroboration is modest",~0.45 MB pair
SDSSJ024932.01+002248.35,Green+2022,Green2022,visually selected TDSS repeat spectroscopy,turn_off,"primary decomposition shows broad Hbeta strong in bright state and weak but still visible in dim state",MJD52175,MJD58081,SDSS/eBOSS,"708-52175-0357;9380-58081-0294",YES,YES,YES,METADATA_FEASIBLE_PENDING_NATIVE_QC,SILVER,SENSITIVITY_CANDIDATE,"Broad Hbeta persists in dim state",~0.45 MB pair
SDSSJ113706.93+481943.68,Green+2022,Green2022,visually selected TDSS repeat spectroscopy,turn_off,"credible broad-Hbeta change with modest continuum-color change",MJD53054,MJD57162,SDSS/BOSS,"1444-53054-0321;7399-57162-0932",YES,YES,YES,METADATA_FEASIBLE_PENDING_NATIVE_QC,SILVER,SENSITIVITY_CANDIDATE,"No strong independent multiline disappearance narrative",~0.4 MB pair
SDSSJ135415.54+515925.77,Green+2022,Green2022,visually selected TDSS repeat spectroscopy,turn_off,"extreme blue spectral/photometric change with complex double-peaked higher Balmer lines",MJD52465,MJD57427,SDSS/eBOSS,"1043-52465-0089;8209-57427-0934",YES,YES,YES,METADATA_FEASIBLE_PENDING_NATIVE_QC,SILVER,SENSITIVITY_CANDIDATE,"Complex profile; clean disappearance not established",~0.45 MB pair
SDSSJ163620.38+475838.36,Green+2022,Green2022,visually selected TDSS repeat spectroscopy,turn_off,"credible Hbeta transition while broad Halpha remains present in the dim endpoint",MJD52144,MJD58257,SDSS/eBOSS,"627-52144-0596;8541-58257-0749",YES,YES,YES,METADATA_FEASIBLE_PENDING_NATIVE_QC,SILVER,SENSITIVITY_CANDIDATE,"Persistent broad Halpha",~0.45 MB pair
SDSSJ231625.39-002225.50,Green+2022,Green2022,visually selected TDSS repeat spectroscopy,turn_off,"credible broad-Hbeta change but only modest continuum-color behavior",MJD51816,MJD58013,SDSS/eBOSS,"382-51816-0190;9154-58013-0858",YES,YES,YES,METADATA_FEASIBLE_PENDING_NATIVE_QC,SILVER,SENSITIVITY_CANDIDATE,"Continuum corroboration is modest",~0.45 MB pair
SDSSJ022652.24-003916.5,MacLeod+2016,MacLeod2016,photometric variability plus repeat spectroscopy,turn_off,"continuum dims strongly but published BEL disappearance is <2 sigma and intermediate spectra complicate the endpoint",MJD52641,MJD56577,SDSS/BOSS,"1071-52641-0281;6780-56577-0339",YES,YES,YES,LOW_SN_REPORTED,BORDERLINE,NO,"Published evidence is explicitly marginal",~0.4 MB pair
SDSSJ132457.29+480241.2,MacLeod+2016,MacLeod2016,photometric variability plus repeat spectroscopy,turn_off,"reported complete broad-Hbeta loss but the selected BOSS spectrum is unrecoverable redward of Hbeta because of extraction failure",MJD52759,MJD56805,SDSS/BOSS,"1282-52759-0045;7406-56805-0527",YES,YES,FORMAL_COVERAGE_PRODUCT_INVALID,NATIVE_EXTRACTION_FAILURE,SILVER,NO,"Exact faint endpoint fails native-quality feasibility; later APO spectrum is not a substitute",~0.4 MB pair
SDSSJ111829.64+320359.9,Yang+2018,Yang2018,SDSS repeat-spectrum visual search,turn_off_candidate,"paper reports >5-sigma broad Hbeta in both endpoints despite a large flux change",MJD53431,MJD56367,SDSS/BOSS,"1979-53431-0359;6438-56367-0660",YES,YES,YES,METADATA_FEASIBLE_PENDING_NATIVE_QC,BORDERLINE,NO,"Broad Hbeta remains securely detected in both states",~0.4 MB pair
SDSSJ100302.62+193251.28,Green+2022,Green2022,visually selected TDSS repeat spectroscopy,turn_on,"continuum and broad Hbeta strengthen, but broad emission is present in both endpoints and the paper flags a possible calibration issue",MJD57817,MJD53762,SDSS/eBOSS,"9578-57817-0290;2371-53762-0620",YES,YES,YES,CALIBRATION_CONCERN_REPORTED,BORDERLINE,NO,"Broad line in both states; possible calibration issue",~0.45 MB pair
SDSSJ113651.66+445016.48,Green+2022,Green2022,visually selected TDSS repeat spectroscopy,turn_on,"continuum and broad Hbeta strengthen but the faint endpoint retains broad-line character",MJD57732,MJD53083,SDSS/eBOSS,"8362-57732-0918;1367-53083-0379",YES,YES,YES,METADATA_FEASIBLE_PENDING_NATIVE_QC,BORDERLINE,NO,"Broad line in both states",~0.45 MB pair
SDSSJ234623.42+010918.11,Green+2022,Green2022,visually selected TDSS repeat spectroscopy,turn_on,"strong photometric brightening and Hbeta enhancement, but broad emission remains in both states",MJD57684,MJD52524,SDSS/eBOSS,"9199-57684-0563;683-52524-0457",YES,YES,YES,METADATA_FEASIBLE_PENDING_NATIVE_QC,BORDERLINE,NO,"Broad line in both states",~0.45 MB pair
SDSSJ224113.54-012108.84,Green+2022,Green2022,visually selected TDSS repeat spectroscopy,turn_on,"broad Hbeta narrows/strengthens less dramatically than other cases; selected bright endpoint is MMT",MJD58367,MJD55824,BOSS+MMT,"faint=4381-55824-0952;bright MMT source record not public",YES,NO,YES,BRIGHT_ENDPOINT_NOT_PUBLIC,BORDERLINE,NO,"Exact selected bright endpoint is not publicly retrievable",unknown; public faint ~0.2 MB
SDSSJ105513.88+242553.69,MacLeod+2019;Green+2022,MacLeod2019,photometric selection plus follow-up spectroscopy,turn_off,"all broad Balmer lines weaken/narrow and continuum dims strongly",original follow-up epoch,original SDSS epoch,SDSS+private follow-up,"later Green pair 2357-53793-0128;10467-58138-0724 is not the discovery endpoint",NO,NO,YES,ORIGINAL_FAINT_ENDPOINT_NOT_PUBLIC,GOLD,NO,"Later eBOSS spectrum is a prohibited convenient substitute",unknown
SDSSJ111329.68+531338.78,MacLeod+2019;Green+2022,MacLeod2019,photometric selection plus follow-up spectroscopy,turn_off,"credible broad-Hbeta transition and continuum evolution",original follow-up epoch,original SDSS epoch,SDSS+private follow-up,"later Green pair 1012-52649-0216;8165-57374-0942 is not the discovery endpoint",NO,NO,YES,ORIGINAL_FAINT_ENDPOINT_NOT_PUBLIC,SILVER,NO,"Later eBOSS spectrum is a prohibited substitute",unknown
SDSSJ143455.30+572345.10,MacLeod+2019;Green+2022,MacLeod2019,photometric selection plus WHT spectroscopy,turn_off,"all broad Balmer lines weaken/narrow with strong long-term dimming",WHT faint discovery endpoint,SDSS bright endpoint,SDSS+WHT,"SDSS=790-52346-0155; later eBOSS=8398-57870-0908 is not the discovery endpoint",NO,NO,YES,ORIGINAL_WHT_ENDPOINT_NOT_PUBLIC,GOLD,NO,"Later eBOSS spectrum is a prohibited convenient substitute",unknown
SDSSJ083132.25+364617.2,Yang+2018,Yang2018,photometric selection plus LAMOST spectroscopy,turn_on,"type 2 to type 1 with Halpha/Hbeta emergence and coordinated continuum/MIR brightening",MJD57367,MJD52312,SDSS+LAMOST,"paper gives coordinates/MJDs but no immutable LAMOST planid-spid-fiberid",NO,NOT_REPRODUCIBLY_IDENTIFIED,YES,LAMOST_RECORD_ID_UNRESOLVED,GOLD,NO,"Exact LAMOST product identity must be recovered before eligibility",~0.2-0.6 MB if identified
SDSSJ084957.78+274728.9,Yang+2018,Yang2018,photometric selection plus LAMOST spectroscopy,turn_off,"type 1 to type 2 with broad-Balmer disappearance and continuum/MIR dimming",MJD53350,MJD56628,SDSS+LAMOST,"paper gives coordinates/MJDs but no immutable LAMOST planid-spid-fiberid",NO,NOT_REPRODUCIBLY_IDENTIFIED,YES,LAMOST_RECORD_ID_UNRESOLVED,GOLD,NO,"Exact LAMOST product identity must be recovered before eligibility",~0.2-0.6 MB if identified
SDSSJ090932.02+474730.6,Yang+2018,Yang2018,photometric selection plus LAMOST spectroscopy,turn_on,"type 1.9 to type 1 with broad-line and continuum enhancement",MJD57745,MJD52620,SDSS+LAMOST,"paper gives coordinates/MJDs but no immutable LAMOST planid-spid-fiberid",NO,NOT_REPRODUCIBLY_IDENTIFIED,YES,LAMOST_RECORD_ID_UNRESOLVED,SILVER,NO,"Intermediate faint state and unresolved LAMOST identity",~0.2-0.6 MB if identified
SDSSJ093730.32+260232.1,Yang+2018,Yang2018,photometric selection plus LAMOST spectroscopy,turn_on,"type 1.9 to type 1 with broad-line and continuum enhancement",MJD57369,MJD54524,SDSS+LAMOST,"paper gives coordinates/MJDs but no immutable LAMOST planid-spid-fiberid",NO,NOT_REPRODUCIBLY_IDENTIFIED,YES,LAMOST_RECORD_ID_UNRESOLVED,SILVER,NO,"Intermediate faint state and unresolved LAMOST identity",~0.2-0.6 MB if identified
SDSSJ100323.47+352503.8,Yang+2018,Yang2018,photometric selection plus Xinglong follow-up,turn_on,"type 2 to type 1 with multiline broad-Balmer and continuum emergence",MJD57867,MJD53389,SDSS+XLT,"XLT follow-up has no public immutable source product",YES,NO,YES,BRIGHT_ENDPOINT_NOT_PUBLIC,GOLD,NO,"Exact Xinglong endpoint is not publicly retrievable",unknown
SDSSJ110455.17+011856.6,Yang+2018,Yang2018,photometric selection plus Xinglong follow-up,turn_off,"type 1 to type 2 with broad-line and continuum loss",MJD52374,MJD57867,SDSS+XLT,"XLT follow-up has no public immutable source product",YES,NO,YES,FAINT_ENDPOINT_NOT_PUBLIC,GOLD,NO,"Exact Xinglong endpoint is not publicly retrievable",unknown
SDSSJ111025.44-000334.0,Yang+2018,Yang2018,photometric selection plus Xinglong follow-up,turn_on,"type 2 to type 1 with broad-line emergence and coordinated brightening",MJD57864,MJD51984,SDSS+XLT,"XLT follow-up has no public immutable source product",YES,NO,YES,BRIGHT_ENDPOINT_NOT_PUBLIC,GOLD,NO,"Exact Xinglong endpoint is not publicly retrievable",unknown
SDSSJ111536.57+054449.7,Yang+2018,Yang2018,photometric selection plus LAMOST spectroscopy,turn_on,"type 2 to type 1 with broad-line emergence and rapid optical/MIR brightening",MJD57393,MJD52326,SDSS+LAMOST,"paper gives coordinates/MJDs but no immutable LAMOST planid-spid-fiberid",NO,NOT_REPRODUCIBLY_IDENTIFIED,YES,LAMOST_RECORD_ID_UNRESOLVED,GOLD,NO,"Exact LAMOST product identity must be recovered before eligibility",~0.2-0.6 MB if identified
SDSSJ113229.14+035729.0,Yang+2018,Yang2018,photometric selection plus LAMOST spectroscopy,turn_on,"type 1.9 to type 1 with broad-line enhancement",MJD57392,MJD52642,SDSS+LAMOST,"paper gives coordinates/MJDs but no immutable LAMOST planid-spid-fiberid",NO,NOT_REPRODUCIBLY_IDENTIFIED,YES,LAMOST_RECORD_ID_UNRESOLVED,SILVER,NO,"Intermediate faint state and unresolved LAMOST identity",~0.2-0.6 MB if identified
SDSSJ115227.48+320959.4,Yang+2018,Yang2018,photometric selection plus LAMOST spectroscopy,turn_off_candidate,"broad Hbeta remains >5 sigma in both states despite large fitted flux change",MJD53446,MJD57844,SDSS+LAMOST,"paper gives coordinates/MJDs but no immutable LAMOST planid-spid-fiberid",NO,NOT_REPRODUCIBLY_IDENTIFIED,YES,LAMOST_RECORD_ID_UNRESOLVED,BORDERLINE,NO,"Broad Hbeta remains present and LAMOST identity is unresolved",~0.2-0.6 MB if identified
SDSSJ125916.74+551507.2,Yang+2018,Yang2018,photometric selection plus Xinglong/Palomar follow-up,turn_on,"type 1.9 to type 1 with broad-line enhancement",MJD57863,MJD52707,SDSS+XLT/DBSP,"follow-up source products are not in a reproducible public archive",YES,NO,YES,BRIGHT_ENDPOINT_NOT_PUBLIC,SILVER,NO,"Exact follow-up endpoint is not publicly retrievable",unknown
SDSSJ131930.75+675355.4,Yang+2018,Yang2018,photometric selection plus Xinglong follow-up,turn_on,"type 1.9 to type 1 with broad-line and continuum enhancement",MJD57867,MJD51988,SDSS+XLT,"XLT follow-up has no public immutable source product",YES,NO,YES,BRIGHT_ENDPOINT_NOT_PUBLIC,SILVER,NO,"Exact Xinglong endpoint is not publicly retrievable",unknown
SDSSJ144754.23+283324.1,Yang+2018,Yang2018,photometric selection plus LAMOST spectroscopy,turn_on,"type 1.9 to type 1 with broad-line enhancement",MJD57071,MJD53764,SDSS+LAMOST,"paper gives coordinates/MJDs but no immutable LAMOST planid-spid-fiberid",NO,NOT_REPRODUCIBLY_IDENTIFIED,YES,LAMOST_RECORD_ID_UNRESOLVED,SILVER,NO,"Intermediate faint state and unresolved LAMOST identity",~0.2-0.6 MB if identified
SDSSJ154529.64+251127.9,Yang+2018,Yang2018,photometric selection plus LAMOST spectroscopy,turn_on,"type 1.9 to type 1 with broad-line enhancement",MJD57891,MJD53846,SDSS+LAMOST,"paper gives coordinates/MJDs but no immutable LAMOST planid-spid-fiberid",NO,NOT_REPRODUCIBLY_IDENTIFIED,YES,LAMOST_RECORD_ID_UNRESOLVED,SILVER,NO,"Intermediate faint state and unresolved LAMOST identity",~0.2-0.6 MB if identified
SDSSJ155017.24+413902.2,Yang+2018,Yang2018,photometric selection plus Xinglong follow-up,turn_on,"type 1.9 to type 1 with broad-line and continuum enhancement",MJD57864,MJD52468,SDSS+XLT,"XLT follow-up has no public immutable source product",YES,NO,YES,BRIGHT_ENDPOINT_NOT_PUBLIC,SILVER,NO,"Exact Xinglong endpoint is not publicly retrievable",unknown
SDSSJ155258.30+273728.4,Yang+2018,Yang2018,photometric selection plus LAMOST spectroscopy,turn_on_candidate,"broad Hbeta remains below 1 sigma in both states despite other reported changes",MJD56722,MJD53498,SDSS+LAMOST,"paper gives coordinates/MJDs but no immutable LAMOST planid-spid-fiberid",NO,NOT_REPRODUCIBLY_IDENTIFIED,YES,LAMOST_RECORD_ID_UNRESOLVED,BORDERLINE,NO,"No convincing broad-Hbeta appearance and LAMOST identity unresolved",~0.2-0.6 MB if identified
