robustness,arm,snr,criterion_id,omitted_unit,N_transition_eligible,N_transition_classifiable,R_equal_transition,U_equal_transition
LEAVE_ONE_SOURCE_FAMILY_OUT,faint_only,5,GREEN2022_FINAL,Dong2025_SDSS_LAMOST,23,22,0.3681818181818182,0.043478260869565216
LEAVE_ONE_SOURCE_FAMILY_OUT,faint_only,5,GREEN2022_FINAL,Green2022,46,42,0.3261904761904762,0.08695652173913043
LEAVE_ONE_SOURCE_FAMILY_OUT,faint_only,5,GREEN2022_FINAL,LaMassa2015,47,43,0.3130232558139535,0.0851063829787234
LEAVE_ONE_SOURCE_FAMILY_OUT,faint_only,5,GREEN2022_FINAL,MacLeod2016,47,43,0.3130232558139535,0.0851063829787234
LEAVE_ONE_SOURCE_FAMILY_OUT,faint_only,5,GREEN2022_FINAL,Potts2021,45,41,0.3307317073170732,0.08888888888888889
LEAVE_ONE_SOURCE_FAMILY_OUT,faint_only,5,GREEN2022_FINAL,Ruan2016,46,42,0.32952380952380955,0.08695652173913043
LEAVE_ONE_SOURCE_FAMILY_OUT,faint_only,5,GREEN2022_FINAL,Runnoe2016,47,43,0.3130232558139535,0.0851063829787234
LEAVE_ONE_SOURCE_FAMILY_OUT,faint_only,5,GREEN2022_FINAL,Yang2025_turn_on,43,39,0.36205128205128206,0.09302325581395349
LEAVE_ONE_SOURCE_FAMILY_OUT,faint_only,5,GREEN2022_FINAL,Zeltyn2024_SDSSV,40,37,0.32378378378378386,0.075
LEAVE_ONE_SOURCE_FAMILY_OUT,faint_only,5,MACLEOD2019_FINAL,Dong2025_SDSS_LAMOST,23,0,,1.0
LEAVE_ONE_SOURCE_FAMILY_OUT,faint_only,5,MACLEOD2019_FINAL,Green2022,46,0,,1.0
LEAVE_ONE_SOURCE_FAMILY_OUT,faint_only,5,MACLEOD2019_FINAL,LaMassa2015,47,0,,1.0
LEAVE_ONE_SOURCE_FAMILY_OUT,faint_only,5,MACLEOD2019_FINAL,MacLeod2016,47,0,,1.0
LEAVE_ONE_SOURCE_FAMILY_OUT,faint_only,5,MACLEOD2019_FINAL,Potts2021,45,0,,1.0
LEAVE_ONE_SOURCE_FAMILY_OUT,faint_only,5,MACLEOD2019_FINAL,Ruan2016,46,0,,1.0
LEAVE_ONE_SOURCE_FAMILY_OUT,faint_only,5,MACLEOD2019_FINAL,Runnoe2016,47,0,,1.0
LEAVE_ONE_SOURCE_FAMILY_OUT,faint_only,5,MACLEOD2019_FINAL,Yang2025_turn_on,43,0,,1.0
LEAVE_ONE_SOURCE_FAMILY_OUT,faint_only,5,MACLEOD2019_FINAL,Zeltyn2024_SDSSV,40,0,,1.0
LEAVE_ONE_SOURCE_FAMILY_OUT,faint_only,5,YANG2024_FINAL,Dong2025_SDSS_LAMOST,23,14,0.3993231305731305,0.7843478260869566
LEAVE_ONE_SOURCE_FAMILY_OUT,faint_only,5,YANG2024_FINAL,Green2022,46,27,0.4159737444825201,0.738695652173913
LEAVE_ONE_SOURCE_FAMILY_OUT,faint_only,5,YANG2024_FINAL,LaMassa2015,47,29,0.41706646429877264,0.7263829787234041
LEAVE_ONE_SOURCE_FAMILY_OUT,faint_only,5,YANG2024_FINAL,MacLeod2016,47,28,0.3982315364364272,0.7340425531914893
LEAVE_ONE_SOURCE_FAMILY_OUT,faint_only,5,YANG2024_FINAL,Potts2021,45,28,0.431961695166586,0.72
LEAVE_ONE_SOURCE_FAMILY_OUT,faint_only,5,YANG2024_FINAL,Ruan2016,46,28,0.40339026659515737,0.7247826086956521
LEAVE_ONE_SOURCE_FAMILY_OUT,faint_only,5,YANG2024_FINAL,Runnoe2016,47,28,0.3998188380237288,0.7306382978723404
LEAVE_ONE_SOURCE_FAMILY_OUT,faint_only,5,YANG2024_FINAL,Yang2025_turn_on,43,27,0.42326891844436076,0.7083720930232559
LEAVE_ONE_SOURCE_FAMILY_OUT,faint_only,5,YANG2024_FINAL,Zeltyn2024_SDSSV,40,23,0.46431091788643714,0.748
LEAVE_ONE_SOURCE_FAMILY_OUT,faint_only,10,GREEN2022_FINAL,Dong2025_SDSS_LAMOST,19,19,0.5989473684210527,0.0
LEAVE_ONE_SOURCE_FAMILY_OUT,faint_only,10,GREEN2022_FINAL,Green2022,27,25,0.5736,0.07407407407407407
LEAVE_ONE_SOURCE_FAMILY_OUT,faint_only,10,GREEN2022_FINAL,LaMassa2015,28,26,0.556923076923077,0.07142857142857142
LEAVE_ONE_SOURCE_FAMILY_OUT,faint_only,10,GREEN2022_FINAL,MacLeod2016,28,26,0.556923076923077,0.07142857142857142
LEAVE_ONE_SOURCE_FAMILY_OUT,faint_only,10,GREEN2022_FINAL,Potts2021,27,25,0.5792,0.07407407407407407
LEAVE_ONE_SOURCE_FAMILY_OUT,faint_only,10,GREEN2022_FINAL,Ruan2016,28,26,0.5638461538461539,0.07142857142857142
LEAVE_ONE_SOURCE_FAMILY_OUT,faint_only,10,GREEN2022_FINAL,Runnoe2016,28,26,0.556923076923077,0.07142857142857142
LEAVE_ONE_SOURCE_FAMILY_OUT,faint_only,10,GREEN2022_FINAL,Yang2025_turn_on,25,23,0.6695652173913045,0.08
LEAVE_ONE_SOURCE_FAMILY_OUT,faint_only,10,GREEN2022_FINAL,Zeltyn2024_SDSSV,22,20,0.507,0.09090909090909091
LEAVE_ONE_SOURCE_FAMILY_OUT,faint_only,10,MACLEOD2019_FINAL,Dong2025_SDSS_LAMOST,19,0,,1.0
LEAVE_ONE_SOURCE_FAMILY_OUT,faint_only,10,MACLEOD2019_FINAL,Green2022,27,0,,1.0
LEAVE_ONE_SOURCE_FAMILY_OUT,faint_only,10,MACLEOD2019_FINAL,LaMassa2015,28,0,,1.0
LEAVE_ONE_SOURCE_FAMILY_OUT,faint_only,10,MACLEOD2019_FINAL,MacLeod2016,28,0,,1.0
LEAVE_ONE_SOURCE_FAMILY_OUT,faint_only,10,MACLEOD2019_FINAL,Potts2021,27,0,,1.0
LEAVE_ONE_SOURCE_FAMILY_OUT,faint_only,10,MACLEOD2019_FINAL,Ruan2016,28,0,,1.0
LEAVE_ONE_SOURCE_FAMILY_OUT,faint_only,10,MACLEOD2019_FINAL,Runnoe2016,28,0,,1.0
LEAVE_ONE_SOURCE_FAMILY_OUT,faint_only,10,MACLEOD2019_FINAL,Yang2025_turn_on,25,0,,1.0
LEAVE_ONE_SOURCE_FAMILY_OUT,faint_only,10,MACLEOD2019_FINAL,Zeltyn2024_SDSSV,22,0,,1.0
LEAVE_ONE_SOURCE_FAMILY_OUT,faint_only,10,YANG2024_FINAL,Dong2025_SDSS_LAMOST,19,12,0.43142525214636995,0.7705263157894736
LEAVE_ONE_SOURCE_FAMILY_OUT,faint_only,10,YANG2024_FINAL,Green2022,27,15,0.3757399627684699,0.7533333333333333
LEAVE_ONE_SOURCE_FAMILY_OUT,faint_only,10,YANG2024_FINAL,LaMassa2015,28,17,0.3844764377368852,0.7342857142857143
LEAVE_ONE_SOURCE_FAMILY_OUT,faint_only,10,YANG2024_FINAL,MacLeod2016,28,16,0.3491312150954405,0.7485714285714286
LEAVE_ONE_SOURCE_FAMILY_OUT,faint_only,10,YANG2024_FINAL,Potts2021,27,16,0.4085062150954405,0.742962962962963
LEAVE_ONE_SOURCE_FAMILY_OUT,faint_only,10,YANG2024_FINAL,Ruan2016,28,17,0.3844764377368852,0.7342857142857143
LEAVE_ONE_SOURCE_FAMILY_OUT,faint_only,10,YANG2024_FINAL,Runnoe2016,28,16,0.3460062150954405,0.7385714285714287
LEAVE_ONE_SOURCE_FAMILY_OUT,faint_only,10,YANG2024_FINAL,Yang2025_turn_on,25,15,0.3690732961018032,0.7096000000000001
LEAVE_ONE_SOURCE_FAMILY_OUT,faint_only,10,YANG2024_FINAL,Zeltyn2024_SDSSV,22,12,0.43408303464755077,0.77
LEAVE_ONE_SOURCE_FAMILY_OUT,matched,5,GREEN2022_FINAL,Dong2025_SDSS_LAMOST,22,21,0.13904761904761906,0.045454545454545456
LEAVE_ONE_SOURCE_FAMILY_OUT,matched,5,GREEN2022_FINAL,Green2022,45,41,0.13756097560975608,0.08888888888888889
LEAVE_ONE_SOURCE_FAMILY_OUT,matched,5,GREEN2022_FINAL,LaMassa2015,46,42,0.12904761904761908,0.08695652173913043
LEAVE_ONE_SOURCE_FAMILY_OUT,matched,5,GREEN2022_FINAL,MacLeod2016,46,42,0.13,0.08695652173913043
LEAVE_ONE_SOURCE_FAMILY_OUT,matched,5,GREEN2022_FINAL,Potts2021,44,40,0.14049999999999999,0.09090909090909091
LEAVE_ONE_SOURCE_FAMILY_OUT,matched,5,GREEN2022_FINAL,Ruan2016,45,41,0.12975609756097561,0.08888888888888889
LEAVE_ONE_SOURCE_FAMILY_OUT,matched,5,GREEN2022_FINAL,Runnoe2016,46,42,0.11142857142857145,0.08695652173913043
LEAVE_ONE_SOURCE_FAMILY_OUT,matched,5,GREEN2022_FINAL,Yang2025_turn_on,43,39,0.14564102564102563,0.09302325581395349
LEAVE_ONE_SOURCE_FAMILY_OUT,matched,5,GREEN2022_FINAL,Zeltyn2024_SDSSV,39,36,0.13055555555555556,0.07692307692307693
LEAVE_ONE_SOURCE_FAMILY_OUT,matched,5,MACLEOD2019_FINAL,Dong2025_SDSS_LAMOST,22,0,,1.0
LEAVE_ONE_SOURCE_FAMILY_OUT,matched,5,MACLEOD2019_FINAL,Green2022,45,0,,1.0
LEAVE_ONE_SOURCE_FAMILY_OUT,matched,5,MACLEOD2019_FINAL,LaMassa2015,46,0,,1.0
LEAVE_ONE_SOURCE_FAMILY_OUT,matched,5,MACLEOD2019_FINAL,MacLeod2016,46,0,,1.0
LEAVE_ONE_SOURCE_FAMILY_OUT,matched,5,MACLEOD2019_FINAL,Potts2021,44,0,,1.0
LEAVE_ONE_SOURCE_FAMILY_OUT,matched,5,MACLEOD2019_FINAL,Ruan2016,45,0,,1.0
LEAVE_ONE_SOURCE_FAMILY_OUT,matched,5,MACLEOD2019_FINAL,Runnoe2016,46,0,,1.0
LEAVE_ONE_SOURCE_FAMILY_OUT,matched,5,MACLEOD2019_FINAL,Yang2025_turn_on,43,0,,1.0
LEAVE_ONE_SOURCE_FAMILY_OUT,matched,5,MACLEOD2019_FINAL,Zeltyn2024_SDSSV,39,0,,1.0
LEAVE_ONE_SOURCE_FAMILY_OUT,matched,5,YANG2024_FINAL,Dong2025_SDSS_LAMOST,22,20,0.38326865931468185,0.7400000000000001
LEAVE_ONE_SOURCE_FAMILY_OUT,matched,5,YANG2024_FINAL,Green2022,45,38,0.38935838406386303,0.6973333333333334
LEAVE_ONE_SOURCE_FAMILY_OUT,matched,5,YANG2024_FINAL,LaMassa2015,46,40,0.3897004063811377,0.6878260869565217
LEAVE_ONE_SOURCE_FAMILY_OUT,matched,5,YANG2024_FINAL,MacLeod2016,46,39,0.37747050227125234,0.6943478260869566
LEAVE_ONE_SOURCE_FAMILY_OUT,matched,5,YANG2024_FINAL,Potts2021,44,37,0.4046986851454845,0.7009090909090909
LEAVE_ONE_SOURCE_FAMILY_OUT,matched,5,YANG2024_FINAL,Ruan2016,45,38,0.3759064428072126,0.6875555555555556
LEAVE_ONE_SOURCE_FAMILY_OUT,matched,5,YANG2024_FINAL,Runnoe2016,46,39,0.37690070170145173,0.6917391304347826
LEAVE_ONE_SOURCE_FAMILY_OUT,matched,5,YANG2024_FINAL,Yang2025_turn_on,43,37,0.40636174800805785,0.6795348837209302
LEAVE_ONE_SOURCE_FAMILY_OUT,matched,5,YANG2024_FINAL,Zeltyn2024_SDSSV,39,32,0.40440513117835986,0.6938461538461538
LEAVE_ONE_SOURCE_FAMILY_OUT,matched,10,GREEN2022_FINAL,Dong2025_SDSS_LAMOST,17,17,0.40705882352941175,0.0
LEAVE_ONE_SOURCE_FAMILY_OUT,matched,10,GREEN2022_FINAL,Green2022,25,23,0.3634782608695652,0.08
LEAVE_ONE_SOURCE_FAMILY_OUT,matched,10,GREEN2022_FINAL,LaMassa2015,26,24,0.34833333333333333,0.07692307692307693
LEAVE_ONE_SOURCE_FAMILY_OUT,matched,10,GREEN2022_FINAL,MacLeod2016,26,24,0.35333333333333333,0.07692307692307693
LEAVE_ONE_SOURCE_FAMILY_OUT,matched,10,GREEN2022_FINAL,Potts2021,25,23,0.3939130434782609,0.08
LEAVE_ONE_SOURCE_FAMILY_OUT,matched,10,GREEN2022_FINAL,Ruan2016,26,24,0.37166666666666665,0.07692307692307693
LEAVE_ONE_SOURCE_FAMILY_OUT,matched,10,GREEN2022_FINAL,Runnoe2016,26,24,0.34833333333333333,0.07692307692307693
LEAVE_ONE_SOURCE_FAMILY_OUT,matched,10,GREEN2022_FINAL,Yang2025_turn_on,24,22,0.42181818181818187,0.08333333333333333
LEAVE_ONE_SOURCE_FAMILY_OUT,matched,10,GREEN2022_FINAL,Zeltyn2024_SDSSV,21,19,0.3757894736842105,0.09523809523809523
LEAVE_ONE_SOURCE_FAMILY_OUT,matched,10,MACLEOD2019_FINAL,Dong2025_SDSS_LAMOST,17,0,,1.0
LEAVE_ONE_SOURCE_FAMILY_OUT,matched,10,MACLEOD2019_FINAL,Green2022,25,0,,1.0
LEAVE_ONE_SOURCE_FAMILY_OUT,matched,10,MACLEOD2019_FINAL,LaMassa2015,26,0,,1.0
LEAVE_ONE_SOURCE_FAMILY_OUT,matched,10,MACLEOD2019_FINAL,MacLeod2016,26,0,,1.0
LEAVE_ONE_SOURCE_FAMILY_OUT,matched,10,MACLEOD2019_FINAL,Potts2021,25,0,,1.0
LEAVE_ONE_SOURCE_FAMILY_OUT,matched,10,MACLEOD2019_FINAL,Ruan2016,26,0,,1.0
LEAVE_ONE_SOURCE_FAMILY_OUT,matched,10,MACLEOD2019_FINAL,Runnoe2016,26,0,,1.0
LEAVE_ONE_SOURCE_FAMILY_OUT,matched,10,MACLEOD2019_FINAL,Yang2025_turn_on,24,0,,1.0
LEAVE_ONE_SOURCE_FAMILY_OUT,matched,10,MACLEOD2019_FINAL,Zeltyn2024_SDSSV,21,0,,1.0
LEAVE_ONE_SOURCE_FAMILY_OUT,matched,10,YANG2024_FINAL,Dong2025_SDSS_LAMOST,17,15,0.42540755163854166,0.7176470588235294
LEAVE_ONE_SOURCE_FAMILY_OUT,matched,10,YANG2024_FINAL,Green2022,25,21,0.3500888762000854,0.6751999999999999
LEAVE_ONE_SOURCE_FAMILY_OUT,matched,10,YANG2024_FINAL,LaMassa2015,26,23,0.35587824928413586,0.66
LEAVE_ONE_SOURCE_FAMILY_OUT,matched,10,YANG2024_FINAL,MacLeod2016,26,22,0.3326605939485663,0.6715384615384615
LEAVE_ONE_SOURCE_FAMILY_OUT,matched,10,YANG2024_FINAL,Potts2021,25,21,0.38837085565853535,0.6896000000000001
LEAVE_ONE_SOURCE_FAMILY_OUT,matched,10,YANG2024_FINAL,Ruan2016,26,23,0.35587824928413586,0.66
LEAVE_ONE_SOURCE_FAMILY_OUT,matched,10,YANG2024_FINAL,Runnoe2016,26,22,0.32659998788796024,0.6646153846153846
LEAVE_ONE_SOURCE_FAMILY_OUT,matched,10,YANG2024_FINAL,Yang2025_turn_on,24,20,0.3419980819148516,0.6533333333333333
LEAVE_ONE_SOURCE_FAMILY_OUT,matched,10,YANG2024_FINAL,Zeltyn2024_SDSSV,21,17,0.3458080187588812,0.6771428571428573
