transition_id,physical_role,source_family,discovery_method,instrument_survey,immutable_source_identifier,observation_epoch_declared,local_filename,byte_size,sha256,source_url,acquisition_status,processing_version
J000253.52+210109.9,bright,Dong2025_SDSS_LAMOST,automated spectral preselection plus visual and photometric confirmation,SDSS_LEGACY,SDSS:7595-56957-106;specObjID=8551239046248290304;run2d=v5_13_2,56957,03_spectra/raw_q1_d093/sdss_legacy/J000253.52+210109.9__bright__spec-7595-56957-0106.fits,218880,02f96ad2ab81e1fe37778e7e0c23a326c4376da8285a459c79537a4e90f2a82d,https://data.sdss.org/sas/dr17/eboss/spectro/redux/v5_13_2/spectra/lite/7595/spec-7595-56957-0106.fits,PRESENT_CHECKSUM_REUSED,p3sf-d093
J000253.52+210109.9,faint,Dong2025_SDSS_LAMOST,automated spectral preselection plus visual and photometric confirmation,LAMOST_DR11,LAMOST_DR11:obsid=385904049;planid=EG000325N203955M01;spid=4;fiberid=49;LMJD=57360,57360,03_spectra/raw_q1_d093/lamost_dr11/J000253.52+210109.9__faint__lamost-dr11-385904049.fits,109440,4b1424333741def35de34ca8119fd71a58dff014aead17eafe4837361e68370b,https://www.lamost.org/dr11/v2.0/spectrum/fits/385904049,PRESENT_CHECKSUM_REUSED,p3sf-d093
J083826.50+371906.7,faint,Dong2025_SDSS_LAMOST,automated spectral preselection plus visual and photometric confirmation,SDSS_LEGACY,SDSS:864-52320-335;specObjID=972869642534021120;run2d=26,52320,03_spectra/raw_q1_d093/sdss_legacy/J083826.50+371906.7__faint__spec-0864-52320-0335.fits,172800,f735302be6feac6462b25b9c5dfe689c98ad4ac9427aad438d67f8f2f1d4ba0e,https://data.sdss.org/sas/dr17/sdss/spectro/redux/26/spectra/lite/0864/spec-0864-52320-0335.fits,PRESENT_CHECKSUM_REUSED,p3sf-d093
J083826.50+371906.7,bright,Dong2025_SDSS_LAMOST,automated spectral preselection plus visual and photometric confirmation,LAMOST_DR11,LAMOST_DR11:obsid=868213035;planid=HD082602N365857M02;spid=13;fiberid=35;LMJD=59200,59200,03_spectra/raw_q1_d093/lamost_dr11/J083826.50+371906.7__bright__lamost-dr11-868213035.fits,109440,910c2f931b0edf617f403a34cbd91627e231dff22305275ffb21f990e23a36bc,https://www.lamost.org/dr11/v2.0/spectrum/fits/868213035,PRESENT_CHECKSUM_REUSED,p3sf-d093
J084016.42+220624.6,bright,Dong2025_SDSS_LAMOST,automated spectral preselection plus visual and photometric confirmation,SDSS_LEGACY,SDSS:2084-53360-174;specObjID=2346423290987309056;run2d=26,53360,03_spectra/raw_q1_d093/sdss_legacy/J084016.42+220624.6__bright__spec-2084-53360-0174.fits,172800,a7538f09db8dc87d787710f07016e9567a69820149e3596cbaeb4b709614150a,https://data.sdss.org/sas/dr17/sdss/spectro/redux/26/spectra/lite/2084/spec-2084-53360-0174.fits,PRESENT_CHECKSUM_REUSED,p3sf-d093
J084016.42+220624.6,faint,Dong2025_SDSS_LAMOST,automated spectral preselection plus visual and photometric confirmation,LAMOST_DR11,LAMOST_DR11:obsid=631716196;planid=HD084620N203659M02;spid=16;fiberid=196;LMJD=58136,58136,03_spectra/raw_q1_d093/lamost_dr11/J084016.42+220624.6__faint__lamost-dr11-631716196.fits,109440,7c263f0f6b9eabe1186962e4967e9f543366f45327868070e6ba33fdafb75c1b,https://www.lamost.org/dr11/v2.0/spectrum/fits/631716196,PRESENT_CHECKSUM_REUSED,p3sf-d093
J095536.70+103752.4,faint,Dong2025_SDSS_LAMOST,automated spectral preselection plus visual and photometric confirmation,SDSS_LEGACY,SDSS:1306-52996-614;specObjID=1470594103635896320;run2d=26,52996,03_spectra/raw_q1_d093/sdss_legacy/J095536.70+103752.4__faint__spec-1306-52996-0614.fits,172800,0b6f4df5cfae529eef53abe3dedf1423fe7e012f5711fc8b4ba19c8364f9890b,https://data.sdss.org/sas/dr17/sdss/spectro/redux/26/spectra/lite/1306/spec-1306-52996-0614.fits,PRESENT_CHECKSUM_REUSED,p3sf-d093
J095536.70+103752.4,bright,Dong2025_SDSS_LAMOST,automated spectral preselection plus visual and photometric confirmation,LAMOST_DR11,LAMOST_DR11:obsid=868303023;planid=HD095839N105737M02;spid=3;fiberid=23;LMJD=59200,59200,03_spectra/raw_q1_d093/lamost_dr11/J095536.70+103752.4__bright__lamost-dr11-868303023.fits,109440,43169fad7f99e749ebe478b7ad98eba10222381ddf332b16898db31047c06cb8,https://www.lamost.org/dr11/v2.0/spectrum/fits/868303023,PRESENT_CHECKSUM_REUSED,p3sf-d093
J101403.44+193609.1,bright,Dong2025_SDSS_LAMOST,automated spectral preselection plus visual and photometric confirmation,SDSS_LEGACY,SDSS:2374-53765-268;specObjID=2672960109289695232;run2d=26,53765,03_spectra/raw_q1_d093/sdss_legacy/J101403.44+193609.1__bright__spec-2374-53765-0268.fits,172800,9f93660a42452ac728af4d46b5898fa3fd308b0f1f24d945c8cb592591984413,https://data.sdss.org/sas/dr17/sdss/spectro/redux/26/spectra/lite/2374/spec-2374-53765-0268.fits,PRESENT_CHECKSUM_REUSED,p3sf-d093
J101403.44+193609.1,faint,Dong2025_SDSS_LAMOST,automated spectral preselection plus visual and photometric confirmation,LAMOST_DR11,LAMOST_DR11:obsid=448401085;planid=HD101311N212511M01;spid=1;fiberid=85;LMJD=57477,57477,03_spectra/raw_q1_d093/lamost_dr11/J101403.44+193609.1__faint__lamost-dr11-448401085.fits,109440,db31c63f6b597a513f8943b7ad5c79b678017044a250e3d261761c88b6033ecf,https://www.lamost.org/dr11/v2.0/spectrum/fits/448401085,PRESENT_CHECKSUM_REUSED,p3sf-d093
J101417.87+351106.8,bright,Dong2025_SDSS_LAMOST,automated spectral preselection plus visual and photometric confirmation,SDSS_LEGACY,SDSS:1954-53357-246;specObjID=2200076094256736256;run2d=26,53357,03_spectra/raw_q1_d093/sdss_legacy/J101417.87+351106.8__bright__spec-1954-53357-0246.fits,172800,1de522412a4dd04e6e511ab2aeb35c093cbf7ee9a13fbc8ec52b0c37a15bd5d4,https://data.sdss.org/sas/dr17/sdss/spectro/redux/26/spectra/lite/1954/spec-1954-53357-0246.fits,PRESENT_CHECKSUM_REUSED,p3sf-d093
J101417.87+351106.8,faint,Dong2025_SDSS_LAMOST,automated spectral preselection plus visual and photometric confirmation,LAMOST_DR11,LAMOST_DR11:obsid=803408203;planid=HD101055N362805M02;spid=8;fiberid=203;LMJD=58897,58897,03_spectra/raw_q1_d093/lamost_dr11/J101417.87+351106.8__faint__lamost-dr11-803408203.fits,109440,cc2a2b38190b965aaccef92b8758631edf2a0701e0e00ff1c725b49dd2f17d2d,https://www.lamost.org/dr11/v2.0/spectrum/fits/803408203,PRESENT_CHECKSUM_REUSED,p3sf-d093
J102822.85+235125.8,bright,Dong2025_SDSS_LAMOST,automated spectral preselection plus visual and photometric confirmation,SDSS_LEGACY,SDSS:2349-53734-60;specObjID=2644755436493891584;run2d=26,53734,03_spectra/raw_q1_d093/sdss_legacy/J102822.85+235125.8__bright__spec-2349-53734-0060.fits,172800,b7af1c60942d340395387a8119e89486fd225f24a5a7988e683aef5efdb3147f,https://data.sdss.org/sas/dr17/sdss/spectro/redux/26/spectra/lite/2349/spec-2349-53734-0060.fits,PRESENT_CHECKSUM_REUSED,p3sf-d093
J102822.85+235125.8,faint,Dong2025_SDSS_LAMOST,automated spectral preselection plus visual and photometric confirmation,LAMOST_DR11,LAMOST_DR11:obsid=336105178;planid=HD103157N244323M01;spid=5;fiberid=178;LMJD=57103,57103,03_spectra/raw_q1_d093/lamost_dr11/J102822.85+235125.8__faint__lamost-dr11-336105178.fits,109440,b289f683a76b4a85e8aa41ba8214bde893a58c670a5dfe8892a24dd1b2bda229,https://www.lamost.org/dr11/v2.0/spectrum/fits/336105178,PRESENT_CHECKSUM_REUSED,p3sf-d093
J103844.05+390804.0,bright,Dong2025_SDSS_LAMOST,automated spectral preselection plus visual and photometric confirmation,SDSS_LEGACY,SDSS:1432-53003-128;specObjID=1612323901352732672;run2d=26,53003,03_spectra/raw_q1_d093/sdss_legacy/J103844.05+390804.0__bright__spec-1432-53003-0128.fits,172800,5ba1e63e7e8d4d574fad295acd1f7999275941e2631fecee79296d49eb68d00a,https://data.sdss.org/sas/dr17/sdss/spectro/redux/26/spectra/lite/1432/spec-1432-53003-0128.fits,PRESENT_CHECKSUM_REUSED,p3sf-d093
J103844.05+390804.0,faint,Dong2025_SDSS_LAMOST,automated spectral preselection plus visual and photometric confirmation,LAMOST_DR11,LAMOST_DR11:obsid=811406074;planid=HD102602N391601M02;spid=6;fiberid=74;LMJD=58926,58926,03_spectra/raw_q1_d093/lamost_dr11/J103844.05+390804.0__faint__lamost-dr11-811406074.fits,109440,aecbc12fbffc7750c369049b25d2324cb26ae9c5c858e3ee5e6c002ee1d554c8,https://www.lamost.org/dr11/v2.0/spectrum/fits/811406074,PRESENT_CHECKSUM_REUSED,p3sf-d093
J104043.38+273518.9,bright,Dong2025_SDSS_LAMOST,automated spectral preselection plus visual and photometric confirmation,SDSS_LEGACY,SDSS:2358-53797-310;specObjID=2654957256189175808;run2d=26,53797,03_spectra/raw_q1_d093/sdss_legacy/J104043.38+273518.9__bright__spec-2358-53797-0310.fits,172800,922e7a269b103eddbe11be271cbaf56db487860b8cd53d4dd34fbc04f7ba0db4,https://data.sdss.org/sas/dr17/sdss/spectro/redux/26/spectra/lite/2358/spec-2358-53797-0310.fits,PRESENT_CHECKSUM_REUSED,p3sf-d093
J104043.38+273518.9,faint,Dong2025_SDSS_LAMOST,automated spectral preselection plus visual and photometric confirmation,LAMOST_DR11,LAMOST_DR11:obsid=212710116;planid=HD104953N275826M01;spid=10;fiberid=116;LMJD=56685,56685,03_spectra/raw_q1_d093/lamost_dr11/J104043.38+273518.9__faint__lamost-dr11-212710116.fits,109440,2bc35dd3ae5534955fa1c2e58cd19e4ef0dfdd8cf9de450e05f6329fa6e55521,https://www.lamost.org/dr11/v2.0/spectrum/fits/212710116,PRESENT_CHECKSUM_REUSED,p3sf-d093
J104111.56+555142.4,bright,Dong2025_SDSS_LAMOST,automated spectral preselection plus visual and photometric confirmation,SDSS_LEGACY,SDSS:906-52368-380;specObjID=1020169808932530176;run2d=26,52368,03_spectra/raw_q1_d093/sdss_legacy/J104111.56+555142.4__bright__spec-0906-52368-0380.fits,172800,1b0d17e673b5f146531867f6e204ecc4c8d0eacbd874d2fd093d5a6260847a8a,https://data.sdss.org/sas/dr17/sdss/spectro/redux/26/spectra/lite/0906/spec-0906-52368-0380.fits,PRESENT_CHECKSUM_REUSED,p3sf-d093
J104111.56+555142.4,faint,Dong2025_SDSS_LAMOST,automated spectral preselection plus visual and photometric confirmation,LAMOST_DR11,LAMOST_DR11:obsid=565905226;planid=HD104559N565515M02;spid=5;fiberid=226;LMJD=57870,57870,03_spectra/raw_q1_d093/lamost_dr11/J104111.56+555142.4__faint__lamost-dr11-565905226.fits,109440,525d1784b966af8e955fb094ac8eac88fb85fdbbe6bd84818fe2a094b728e595,https://www.lamost.org/dr11/v2.0/spectrum/fits/565905226,PRESENT_CHECKSUM_REUSED,p3sf-d093
J104427.75+271806.3,bright,Dong2025_SDSS_LAMOST,automated spectral preselection plus visual and photometric confirmation,SDSS_LEGACY,SDSS:2356-53786-25;specObjID=2652627115987462144;run2d=26,53786,03_spectra/raw_q1_d093/sdss_legacy/J104427.75+271806.3__bright__spec-2356-53786-0025.fits,172800,032c8157c5570762e4a30c7450596b8c88de394597a02d7908523b4413a7eddf,https://data.sdss.org/sas/dr17/sdss/spectro/redux/26/spectra/lite/2356/spec-2356-53786-0025.fits,PRESENT_CHECKSUM_REUSED,p3sf-d093
J104427.75+271806.3,faint,Dong2025_SDSS_LAMOST,automated spectral preselection plus visual and photometric confirmation,LAMOST_DR11,LAMOST_DR11:obsid=630703244;planid=HD104953N275826M02;spid=3;fiberid=244;LMJD=58133,58133,03_spectra/raw_q1_d093/lamost_dr11/J104427.75+271806.3__faint__lamost-dr11-630703244.fits,109440,c6dcdd0cbdb0b94e5b63d5e164d7358939fb43f537423863fb1eec4ed352af25,https://www.lamost.org/dr11/v2.0/spectrum/fits/630703244,PRESENT_CHECKSUM_REUSED,p3sf-d093
J105233.83+454949.3,bright,Dong2025_SDSS_LAMOST,automated spectral preselection plus visual and photometric confirmation,SDSS_LEGACY,SDSS:1434-53053-573;specObjID=1614698022673868800;run2d=26,53053,03_spectra/raw_q1_d093/sdss_legacy/J105233.83+454949.3__bright__spec-1434-53053-0573.fits,172800,ec4415361e15d150d008fcd6dcb4c2121c0636a8c2be7cfeba7c7adc30c8324a,https://data.sdss.org/sas/dr17/sdss/spectro/redux/26/spectra/lite/1434/spec-1434-53053-0573.fits,PRESENT_CHECKSUM_REUSED,p3sf-d093
J105233.83+454949.3,faint,Dong2025_SDSS_LAMOST,automated spectral preselection plus visual and photometric confirmation,LAMOST_DR11,LAMOST_DR11:obsid=649509145;planid=HD104520N453358M02;spid=9;fiberid=145;LMJD=58171,58171,03_spectra/raw_q1_d093/lamost_dr11/J105233.83+454949.3__faint__lamost-dr11-649509145.fits,109440,558c1cd42db2a7d929a369a56258602e55ad7ab93b455db3760a5f82a6082c0f,https://www.lamost.org/dr11/v2.0/spectrum/fits/649509145,PRESENT_CHECKSUM_REUSED,p3sf-d093
J110413.32+281530.3,bright,Dong2025_SDSS_LAMOST,automated spectral preselection plus visual and photometric confirmation,SDSS_LEGACY,SDSS:2211-53786-187;specObjID=2489416159716206592;run2d=26,53786,03_spectra/raw_q1_d093/sdss_legacy/J110413.32+281530.3__bright__spec-2211-53786-0187.fits,172800,73b740cc53b1c96132706ac3fec0e1e078c785b30a92055c0fe67979f7dc37eb,https://data.sdss.org/sas/dr17/sdss/spectro/redux/26/spectra/lite/2211/spec-2211-53786-0187.fits,PRESENT_CHECKSUM_REUSED,p3sf-d093
J110413.32+281530.3,faint,Dong2025_SDSS_LAMOST,automated spectral preselection plus visual and photometric confirmation,LAMOST_DR11,LAMOST_DR11:obsid=392405116;planid=HD110311N285548M01;spid=5;fiberid=116;LMJD=57377,57377,03_spectra/raw_q1_d093/lamost_dr11/J110413.32+281530.3__faint__lamost-dr11-392405116.fits,109440,f05285be15f6bd85e66642ea01f7fee7a76803cea562949ec6a722b89ab6c552,https://www.lamost.org/dr11/v2.0/spectrum/fits/392405116,PRESENT_CHECKSUM_REUSED,p3sf-d093
J112229.65+214815.6,bright,Dong2025_SDSS_LAMOST,automated spectral preselection plus visual and photometric confirmation,SDSS_LEGACY,SDSS:2496-54178-513;specObjID=2810387249940686848;run2d=26,54178,03_spectra/raw_q1_d093/sdss_legacy/J112229.65+214815.6__bright__spec-2496-54178-0513.fits,175680,2340feee38569a5be770fd16f02b7fca1c9b04166a59b178ed0fc0ff7124189b,https://data.sdss.org/sas/dr17/sdss/spectro/redux/26/spectra/lite/2496/spec-2496-54178-0513.fits,PRESENT_CHECKSUM_REUSED,p3sf-d093
J112229.65+214815.6,faint,Dong2025_SDSS_LAMOST,automated spectral preselection plus visual and photometric confirmation,LAMOST_DR11,LAMOST_DR11:obsid=435205184;planid=HD112608N224229M01;spid=5;fiberid=184;LMJD=57453,57453,03_spectra/raw_q1_d093/lamost_dr11/J112229.65+214815.6__faint__lamost-dr11-435205184.fits,109440,4897f5e97cfbcbb1bb96d49d6e1bf3c6da7e68e10a2d648d0bac9ec84f229e9f,https://www.lamost.org/dr11/v2.0/spectrum/fits/435205184,PRESENT_CHECKSUM_REUSED,p3sf-d093
J113402.78+290403.9,bright,Dong2025_SDSS_LAMOST,automated spectral preselection plus visual and photometric confirmation,SDSS_LEGACY,SDSS:2220-53795-271;specObjID=2499572348772968448;run2d=26,53795,03_spectra/raw_q1_d093/sdss_legacy/J113402.78+290403.9__bright__spec-2220-53795-0271.fits,172800,7f780a9ca7ee133ab9713eb3a54713628edada0ed9cfa44ff009548a4860ac76,https://data.sdss.org/sas/dr17/sdss/spectro/redux/26/spectra/lite/2220/spec-2220-53795-0271.fits,PRESENT_CHECKSUM_REUSED,p3sf-d093
J113402.78+290403.9,faint,Dong2025_SDSS_LAMOST,automated spectral preselection plus visual and photometric confirmation,LAMOST_DR11,LAMOST_DR11:obsid=507214106;planid=HD114322N280318M02;spid=14;fiberid=106;LMJD=57756,57756,03_spectra/raw_q1_d093/lamost_dr11/J113402.78+290403.9__faint__lamost-dr11-507214106.fits,109440,e07fb422c38d254e7cb6ebdbe32e9ee59dbc602554ab3dbc936bb463aaeb2fd4,https://www.lamost.org/dr11/v2.0/spectrum/fits/507214106,PRESENT_CHECKSUM_REUSED,p3sf-d093
J114154.47+063509.6,bright,Dong2025_SDSS_LAMOST,automated spectral preselection plus visual and photometric confirmation,SDSS_LEGACY,SDSS:1620-53137-122;specObjID=1823991436819851264;run2d=26,53137,03_spectra/raw_q1_d093/sdss_legacy/J114154.47+063509.6__bright__spec-1620-53137-0122.fits,172800,7e7a3de4b294867e48f205e3474600347743f7a257f81840de2e55cc18850b4f,https://data.sdss.org/sas/dr17/sdss/spectro/redux/26/spectra/lite/1620/spec-1620-53137-0122.fits,PRESENT_CHECKSUM_REUSED,p3sf-d093
J114154.47+063509.6,faint,Dong2025_SDSS_LAMOST,automated spectral preselection plus visual and photometric confirmation,LAMOST_DR11,LAMOST_DR11:obsid=965407068;planid=HD113827N080803M02;spid=7;fiberid=68;LMJD=59585,59585,03_spectra/raw_q1_d093/lamost_dr11/J114154.47+063509.6__faint__lamost-dr11-965407068.fits,109440,9a1d3765d85e94aebc2ef1f7766151ede52aa67c24a27ddd3c3d3c1e673c955b,https://www.lamost.org/dr11/v2.0/spectrum/fits/965407068,PRESENT_CHECKSUM_REUSED,p3sf-d093
J114634.92+282642.0,bright,Dong2025_SDSS_LAMOST,automated spectral preselection plus visual and photometric confirmation,SDSS_LEGACY,SDSS:2222-53799-122;specObjID=2501783191845627904;run2d=26,53799,03_spectra/raw_q1_d093/sdss_legacy/J114634.92+282642.0__bright__spec-2222-53799-0122.fits,172800,aee78b792d2be845c12bf3f2e627db4f4b59c7d835a84595def555f7c9524f3e,https://data.sdss.org/sas/dr17/sdss/spectro/redux/26/spectra/lite/2222/spec-2222-53799-0122.fits,PRESENT_CHECKSUM_REUSED,p3sf-d093
J114634.92+282642.0,faint,Dong2025_SDSS_LAMOST,automated spectral preselection plus visual and photometric confirmation,LAMOST_DR11,LAMOST_DR11:obsid=507209219;planid=HD114322N280318M02;spid=9;fiberid=219;LMJD=57756,57756,03_spectra/raw_q1_d093/lamost_dr11/J114634.92+282642.0__faint__lamost-dr11-507209219.fits,109440,e4e1873e49bfe93c187e4a247751adf565dc929772572225ce77093e6691233e,https://www.lamost.org/dr11/v2.0/spectrum/fits/507209219,PRESENT_CHECKSUM_REUSED,p3sf-d093
J120635.22+175312.3,bright,Dong2025_SDSS_LAMOST,automated spectral preselection plus visual and photometric confirmation,SDSS_LEGACY,SDSS:2595-54207-589;specObjID=2921872231925573632;run2d=26,54207,03_spectra/raw_q1_d093/sdss_legacy/J120635.22+175312.3__bright__spec-2595-54207-0589.fits,175680,62c61b44f89fcf92110c34040bc6b65174cfa3364d86fd51332688a6be85ba4d,https://data.sdss.org/sas/dr17/sdss/spectro/redux/26/spectra/lite/2595/spec-2595-54207-0589.fits,PRESENT_CHECKSUM_REUSED,p3sf-d093
J120635.22+175312.3,faint,Dong2025_SDSS_LAMOST,automated spectral preselection plus visual and photometric confirmation,LAMOST_DR11,LAMOST_DR11:obsid=404114104;planid=HD121513N165426M01;spid=14;fiberid=104;LMJD=57398,57398,03_spectra/raw_q1_d093/lamost_dr11/J120635.22+175312.3__faint__lamost-dr11-404114104.fits,109440,a89e9d4a7aad784823b4fb2e948eda567520298f339a0f2239ee474f657d1230,https://www.lamost.org/dr11/v2.0/spectrum/fits/404114104,PRESENT_CHECKSUM_REUSED,p3sf-d093
J122355.23+343856.6,bright,Dong2025_SDSS_LAMOST,automated spectral preselection plus visual and photometric confirmation,SDSS_LEGACY,SDSS:1999-53503-624;specObjID=2250845496362952704;run2d=26,53503,03_spectra/raw_q1_d093/sdss_legacy/J122355.23+343856.6__bright__spec-1999-53503-0624.fits,172800,e7c545f3b0920451dfbb9f453c008774effbef0be915dd1394f1911b2d445ea7,https://data.sdss.org/sas/dr17/sdss/spectro/redux/26/spectra/lite/1999/spec-1999-53503-0624.fits,PRESENT_CHECKSUM_REUSED,p3sf-d093
J122355.23+343856.6,faint,Dong2025_SDSS_LAMOST,automated spectral preselection plus visual and photometric confirmation,LAMOST_DR11,LAMOST_DR11:obsid=307702072;planid=HD122712N362227M01;spid=2;fiberid=72;LMJD=57052,57052,03_spectra/raw_q1_d093/lamost_dr11/J122355.23+343856.6__faint__lamost-dr11-307702072.fits,109440,4cffac7d9514bb33ad9fc3ea459dc825e941d61b78d300222cbedd68c202f3f1,https://www.lamost.org/dr11/v2.0/spectrum/fits/307702072,PRESENT_CHECKSUM_REUSED,p3sf-d093
J122623.69+261050.0,bright,Dong2025_SDSS_LAMOST,automated spectral preselection plus visual and photometric confirmation,SDSS_LEGACY,SDSS:2658-54502-576;specObjID=2992800357593147392;run2d=26,54502,03_spectra/raw_q1_d093/sdss_legacy/J122623.69+261050.0__bright__spec-2658-54502-0576.fits,175680,f89901a87bff4c5be91b566c931abd14050764a431e333058efc2344104ba994,https://data.sdss.org/sas/dr17/sdss/spectro/redux/26/spectra/lite/2658/spec-2658-54502-0576.fits,PRESENT_CHECKSUM_REUSED,p3sf-d093
J122623.69+261050.0,faint,Dong2025_SDSS_LAMOST,automated spectral preselection plus visual and photometric confirmation,LAMOST_DR11,LAMOST_DR11:obsid=299805137;planid=HD122624N271605M01;spid=5;fiberid=137;LMJD=57041,57041,03_spectra/raw_q1_d093/lamost_dr11/J122623.69+261050.0__faint__lamost-dr11-299805137.fits,109440,a38364d4c9fef12a6c2cd4470129a0db06bedfc11b4127266b48f6853ae563c1,https://www.lamost.org/dr11/v2.0/spectrum/fits/299805137,PRESENT_CHECKSUM_REUSED,p3sf-d093
J122945.61+440934.5,bright,Dong2025_SDSS_LAMOST,automated spectral preselection plus visual and photometric confirmation,SDSS_LEGACY,SDSS:1372-53062-304;specObjID=1544818286443653120;run2d=26,53062,03_spectra/raw_q1_d093/sdss_legacy/J122945.61+440934.5__bright__spec-1372-53062-0304.fits,172800,167f781011e7a291816b8bb81ee49651cc1ab3108f98dd35af6bb488c2cb9f3a,https://data.sdss.org/sas/dr17/sdss/spectro/redux/26/spectra/lite/1372/spec-1372-53062-0304.fits,PRESENT_CHECKSUM_REUSED,p3sf-d093
J122945.61+440934.5,faint,Dong2025_SDSS_LAMOST,automated spectral preselection plus visual and photometric confirmation,LAMOST_DR11,LAMOST_DR11:obsid=713209059;planid=HD122456N425117M02;spid=9;fiberid=59;LMJD=58492,58492,03_spectra/raw_q1_d093/lamost_dr11/J122945.61+440934.5__faint__lamost-dr11-713209059.fits,109440,2b039d5de79aa0a3c803c18d491fe0a0dfb6ce808b423643cf16ac12e2e845f3,https://www.lamost.org/dr11/v2.0/spectrum/fits/713209059,PRESENT_CHECKSUM_REUSED,p3sf-d093
J124554.71+460418.7,bright,Dong2025_SDSS_LAMOST,automated spectral preselection plus visual and photometric confirmation,SDSS_LEGACY,SDSS:1455-53089-91;specObjID=1638209430170396672;run2d=26,53089,03_spectra/raw_q1_d093/sdss_legacy/J124554.71+460418.7__bright__spec-1455-53089-0091.fits,172800,5375b62132b57360b7277a4c7a14d120d02d7e84af4826f3fd11f280ac7d8497,https://data.sdss.org/sas/dr17/sdss/spectro/redux/26/spectra/lite/1455/spec-1455-53089-0091.fits,PRESENT_CHECKSUM_REUSED,p3sf-d093
J124554.71+460418.7,faint,Dong2025_SDSS_LAMOST,automated spectral preselection plus visual and photometric confirmation,LAMOST_DR11,LAMOST_DR11:obsid=989609022;planid=HD124214N455237B02;spid=9;fiberid=22;LMJD=59637,59637,03_spectra/raw_q1_d093/lamost_dr11/J124554.71+460418.7__faint__lamost-dr11-989609022.fits,109440,ffda4798d2cadd95b70e34ded5e5773c155ec67755ce6cb38c3fb334d1277694,https://www.lamost.org/dr11/v2.0/spectrum/fits/989609022,PRESENT_CHECKSUM_REUSED,p3sf-d093
J130501.21+010323.8,bright,Dong2025_SDSS_LAMOST,automated spectral preselection plus visual and photometric confirmation,SDSS_LEGACY,SDSS:294-51986-417;specObjID=331129230018504704;run2d=26,51986,03_spectra/raw_q1_d093/sdss_legacy/J130501.21+010323.8__bright__spec-0294-51986-0417.fits,172800,6b9f8c4a4b8318a7edb30b9c6e90c86b38c1aff6cde40f7745c7864c10276b6f,https://data.sdss.org/sas/dr17/sdss/spectro/redux/26/spectra/lite/0294/spec-0294-51986-0417.fits,PRESENT_CHECKSUM_REUSED,p3sf-d093
J130501.21+010323.8,faint,Dong2025_SDSS_LAMOST,automated spectral preselection plus visual and photometric confirmation,LAMOST_DR11,LAMOST_DR11:obsid=881515101;planid=HD130444N001742M02;spid=15;fiberid=101;LMJD=59230,59230,03_spectra/raw_q1_d093/lamost_dr11/J130501.21+010323.8__faint__lamost-dr11-881515101.fits,109440,b6abd1cd8ae25e4ff5162bba8b71e93a03d108da0ccd88bda52537384972c8df,https://www.lamost.org/dr11/v2.0/spectrum/fits/881515101,PRESENT_CHECKSUM_REUSED,p3sf-d093
J131001.32+143705.2,bright,Dong2025_SDSS_LAMOST,automated spectral preselection plus visual and photometric confirmation,SDSS_LEGACY,SDSS:1772-53089-519;specObjID=1995237348383680512;run2d=26,53089,03_spectra/raw_q1_d093/sdss_legacy/J131001.32+143705.2__bright__spec-1772-53089-0519.fits,172800,d69c050c6f253bf5956625d566dbdf08c12be5ba0b0bb544122d8bdc49f92924,https://data.sdss.org/sas/dr17/sdss/spectro/redux/26/spectra/lite/1772/spec-1772-53089-0519.fits,PRESENT_CHECKSUM_REUSED,p3sf-d093
J131001.32+143705.2,faint,Dong2025_SDSS_LAMOST,automated spectral preselection plus visual and photometric confirmation,LAMOST_DR11,LAMOST_DR11:obsid=439315169;planid=HD131318N132328M01;spid=15;fiberid=169;LMJD=57461,57461,03_spectra/raw_q1_d093/lamost_dr11/J131001.32+143705.2__faint__lamost-dr11-439315169.fits,109440,ef2c217d139c23705dda7b90d4d40c3ad2910a976247d563134f80e45e96c61c,https://www.lamost.org/dr11/v2.0/spectrum/fits/439315169,PRESENT_CHECKSUM_REUSED,p3sf-d093
J131432.70+122718.5,bright,Dong2025_SDSS_LAMOST,automated spectral preselection plus visual and photometric confirmation,SDSS_LEGACY,SDSS:1697-53142-461;specObjID=1910778913341073408;run2d=26,53142,03_spectra/raw_q1_d093/sdss_legacy/J131432.70+122718.5__bright__spec-1697-53142-0461.fits,172800,40888c89927325b41a1bccdfc167cb7faca751ac29af5850e6e4187a35054202,https://data.sdss.org/sas/dr17/sdss/spectro/redux/26/spectra/lite/1697/spec-1697-53142-0461.fits,PRESENT_CHECKSUM_REUSED,p3sf-d093
J131432.70+122718.5,faint,Dong2025_SDSS_LAMOST,automated spectral preselection plus visual and photometric confirmation,LAMOST_DR11,LAMOST_DR11:obsid=1098708162;planid=HD131318N132328B03;spid=8;fiberid=162;LMJD=59996,59996,03_spectra/raw_q1_d093/lamost_dr11/J131432.70+122718.5__faint__lamost-dr11-1098708162.fits,109440,890d3b86bf10faa639c2549d01fcdf02588623c5277156070aa26364982134d8,https://www.lamost.org/dr11/v2.0/spectrum/fits/1098708162,PRESENT_CHECKSUM_REUSED,p3sf-d093
J132421.98+280238.3,bright,Dong2025_SDSS_LAMOST,automated spectral preselection plus visual and photometric confirmation,SDSS_LEGACY,SDSS:2002-53471-3;specObjID=2254052496366397440;run2d=26,53471,03_spectra/raw_q1_d093/sdss_legacy/J132421.98+280238.3__bright__spec-2002-53471-0003.fits,172800,0c43772ed033c16fc76ba207c98ed28c471ec7417260a2897537f487a29f4c1a,https://data.sdss.org/sas/dr17/sdss/spectro/redux/26/spectra/lite/2002/spec-2002-53471-0003.fits,PRESENT_CHECKSUM_REUSED,p3sf-d093
J132421.98+280238.3,faint,Dong2025_SDSS_LAMOST,automated spectral preselection plus visual and photometric confirmation,LAMOST_DR11,LAMOST_DR11:obsid=219316181;planid=HD133100N262324M01;spid=16;fiberid=181;LMJD=56718,56718,03_spectra/raw_q1_d093/lamost_dr11/J132421.98+280238.3__faint__lamost-dr11-219316181.fits,109440,5a259f11fec406c58b7cc716cfd02d318b8901a41674b291a7b60334359f077e,https://www.lamost.org/dr11/v2.0/spectrum/fits/219316181,PRESENT_CHECKSUM_REUSED,p3sf-d093
J133551.98+544450.1,bright,Dong2025_SDSS_LAMOST,automated spectral preselection plus visual and photometric confirmation,SDSS_LEGACY,SDSS:1042-52725-410;specObjID=1173300448589801472;run2d=26,52725,03_spectra/raw_q1_d093/sdss_legacy/J133551.98+544450.1__bright__spec-1042-52725-0410.fits,172800,c5b346e46bb6ae10510e6297678e207a945af620e20bc35ac616720f9ed6fe8e,https://data.sdss.org/sas/dr17/sdss/spectro/redux/26/spectra/lite/1042/spec-1042-52725-0410.fits,PRESENT_CHECKSUM_REUSED,p3sf-d093
J133551.98+544450.1,faint,Dong2025_SDSS_LAMOST,automated spectral preselection plus visual and photometric confirmation,LAMOST_DR11,LAMOST_DR11:obsid=992312235;planid=HD132759N524444B02;spid=12;fiberid=235;LMJD=59641,59641,03_spectra/raw_q1_d093/lamost_dr11/J133551.98+544450.1__faint__lamost-dr11-992312235.fits,109440,a36e94d7b53a661de35ea8e897606e1ee97bed34898176c682728c53f36de69a,https://www.lamost.org/dr11/v2.0/spectrum/fits/992312235,PRESENT_CHECKSUM_REUSED,p3sf-d093
J134133.73+090356.7,bright,Dong2025_SDSS_LAMOST,automated spectral preselection plus visual and photometric confirmation,SDSS_LEGACY,SDSS:1804-53886-255;specObjID=2031193591006652416;run2d=26,53886,03_spectra/raw_q1_d093/sdss_legacy/J134133.73+090356.7__bright__spec-1804-53886-0255.fits,172800,3ec98360b62b5b2f9763140c27f4519c65c722540a23617e7990118bdf03175d,https://data.sdss.org/sas/dr17/sdss/spectro/redux/26/spectra/lite/1804/spec-1804-53886-0255.fits,PRESENT_CHECKSUM_REUSED,p3sf-d093
J134133.73+090356.7,faint,Dong2025_SDSS_LAMOST,automated spectral preselection plus visual and photometric confirmation,LAMOST_DR11,LAMOST_DR11:obsid=974213161;planid=HD133552N081734M01;spid=13;fiberid=161;LMJD=59606,59606,03_spectra/raw_q1_d093/lamost_dr11/J134133.73+090356.7__faint__lamost-dr11-974213161.fits,109440,e5e0234177dab9ccf76029ce1be9aa4cad9d131a4b57c16a516b7c7cb00dcadd,https://www.lamost.org/dr11/v2.0/spectrum/fits/974213161,PRESENT_CHECKSUM_REUSED,p3sf-d093
J134739.65+362240.0,bright,Dong2025_SDSS_LAMOST,automated spectral preselection plus visual and photometric confirmation,SDSS_LEGACY,SDSS:2033-53476-395;specObjID=2289063145701926912;run2d=26,53476,03_spectra/raw_q1_d093/sdss_legacy/J134739.65+362240.0__bright__spec-2033-53476-0395.fits,172800,5939444ed4659cb51337d1a5d34df1c1e22ea3d143c161890e66e2403eb018be,https://data.sdss.org/sas/dr17/sdss/spectro/redux/26/spectra/lite/2033/spec-2033-53476-0395.fits,PRESENT_CHECKSUM_REUSED,p3sf-d093
J134739.65+362240.0,faint,Dong2025_SDSS_LAMOST,automated spectral preselection plus visual and photometric confirmation,LAMOST_DR11,LAMOST_DR11:obsid=661701107;planid=HD134619N383013M02;spid=1;fiberid=107;LMJD=58227,58227,03_spectra/raw_q1_d093/lamost_dr11/J134739.65+362240.0__faint__lamost-dr11-661701107.fits,109440,387c630a4c61d76a3ad87d677b7837877d6b25ba7a93519d20daadbc84824c83,https://www.lamost.org/dr11/v2.0/spectrum/fits/661701107,PRESENT_CHECKSUM_REUSED,p3sf-d093
J135255.68+252859.6,bright,Dong2025_SDSS_LAMOST,automated spectral preselection plus visual and photometric confirmation,SDSS_LEGACY,SDSS:2115-53535-639;specObjID=2381454009262172160;run2d=26,53535,03_spectra/raw_q1_d093/sdss_legacy/J135255.68+252859.6__bright__spec-2115-53535-0639.fits,172800,bdb6128e345eed73480c026ee6290e00557b71d7eb44a602e8eaae1766c7f0d1,https://data.sdss.org/sas/dr17/sdss/spectro/redux/26/spectra/lite/2115/spec-2115-53535-0639.fits,PRESENT_CHECKSUM_REUSED,p3sf-d093
J135255.68+252859.6,faint,Dong2025_SDSS_LAMOST,automated spectral preselection plus visual and photometric confirmation,LAMOST_DR11,LAMOST_DR11:obsid=734403218;planid=HD135728N245954B02;spid=3;fiberid=218;LMJD=58553,58553,03_spectra/raw_q1_d093/lamost_dr11/J135255.68+252859.6__faint__lamost-dr11-734403218.fits,109440,856b440b54437c6b77b3662697a6048f2908c44208245dde970de6c2d2556c36,https://www.lamost.org/dr11/v2.0/spectrum/fits/734403218,PRESENT_CHECKSUM_REUSED,p3sf-d093
J140207.59+284859.3,bright,Dong2025_SDSS_LAMOST,automated spectral preselection plus visual and photometric confirmation,SDSS_LEGACY,SDSS:2120-53852-521;specObjID=2387051078521743360;run2d=26,53852,03_spectra/raw_q1_d093/sdss_legacy/J140207.59+284859.3__bright__spec-2120-53852-0521.fits,172800,165648598aebef6765e17e36344458c3887df92a94407e841b0a728e927de1db,https://data.sdss.org/sas/dr17/sdss/spectro/redux/26/spectra/lite/2120/spec-2120-53852-0521.fits,PRESENT_CHECKSUM_REUSED,p3sf-d093
J140207.59+284859.3,faint,Dong2025_SDSS_LAMOST,automated spectral preselection plus visual and photometric confirmation,LAMOST_DR11,LAMOST_DR11:obsid=547213076;planid=HD135310N283853M01;spid=13;fiberid=76;LMJD=57815,57815,03_spectra/raw_q1_d093/lamost_dr11/J140207.59+284859.3__faint__lamost-dr11-547213076.fits,109440,5212267c616b6a2422d463260c1a5b6fa41a54aaf9b361aff49c4079280a8d80,https://www.lamost.org/dr11/v2.0/spectrum/fits/547213076,PRESENT_CHECKSUM_REUSED,p3sf-d093
J150026.17+374732.4,bright,Dong2025_SDSS_LAMOST,automated spectral preselection plus visual and photometric confirmation,SDSS_LEGACY,SDSS:1351-52790-599;specObjID=1521255472819103744;run2d=26,52790,03_spectra/raw_q1_d093/sdss_legacy/J150026.17+374732.4__bright__spec-1351-52790-0599.fits,172800,8fd209829cfe667dd97add7f5c8dd41b32005ff2536533c20d5c4ed99f105ea2,https://data.sdss.org/sas/dr17/sdss/spectro/redux/26/spectra/lite/1351/spec-1351-52790-0599.fits,PRESENT_CHECKSUM_REUSED,p3sf-d093
J150026.17+374732.4,faint,Dong2025_SDSS_LAMOST,automated spectral preselection plus visual and photometric confirmation,LAMOST_DR11,LAMOST_DR11:obsid=559501209;planid=HD150100N400503M01;spid=1;fiberid=209;LMJD=57844,57844,03_spectra/raw_q1_d093/lamost_dr11/J150026.17+374732.4__faint__lamost-dr11-559501209.fits,109440,9068378b9e2101bde83f4140f407bf911756434bd828bc55489020da3dbc23b3,https://www.lamost.org/dr11/v2.0/spectrum/fits/559501209,PRESENT_CHECKSUM_REUSED,p3sf-d093
J151143.41+210104.0,faint,Dong2025_SDSS_LAMOST,automated spectral preselection plus visual and photometric confirmation,SDSS_LEGACY,SDSS:2156-54525-390;specObjID=2427547477453334528;run2d=26,54525,03_spectra/raw_q1_d093/sdss_legacy/J151143.41+210104.0__faint__spec-2156-54525-0390.fits,175680,ff286594665bf086c57d8844ab0f6a98bd8c65b20a79066a83dc9b9abf071b3b,https://data.sdss.org/sas/dr17/sdss/spectro/redux/26/spectra/lite/2156/spec-2156-54525-0390.fits,ACQUIRED_IDENTITY_FAIL,p3sf-d093
J151143.41+210104.0,bright,Dong2025_SDSS_LAMOST,automated spectral preselection plus visual and photometric confirmation,LAMOST_DR11,LAMOST_DR11:obsid=1017307052;planid=HD150715N223351M01;spid=7;fiberid=52;LMJD=59732,59732,03_spectra/raw_q1_d093/lamost_dr11/J151143.41+210104.0__bright__lamost-dr11-1017307052.fits,109440,32774f48a436e5f2e0e428a647fc78ab3f07fb87c7afacedd5bd356abd0b8b3a,https://www.lamost.org/dr11/v2.0/spectrum/fits/1017307052,ACQUIRED_IDENTITY_FAIL,p3sf-d093
J151219.33+293737.0,bright,Dong2025_SDSS_LAMOST,automated spectral preselection plus visual and photometric confirmation,SDSS_LEGACY,SDSS:1845-54144-465;specObjID=2077413215876179968;run2d=26,54144,03_spectra/raw_q1_d093/sdss_legacy/J151219.33+293737.0__bright__spec-1845-54144-0465.fits,172800,92e4cdcaddf62d4fce58ef176b4c7a92901dab55cc86ebe2ed0648752602fded,https://data.sdss.org/sas/dr17/sdss/spectro/redux/26/spectra/lite/1845/spec-1845-54144-0465.fits,PRESENT_CHECKSUM_REUSED,p3sf-d093
J151219.33+293737.0,faint,Dong2025_SDSS_LAMOST,automated spectral preselection plus visual and photometric confirmation,LAMOST_DR11,LAMOST_DR11:obsid=337804202;planid=HD151053N291344M01;spid=4;fiberid=202;LMJD=57106,57106,03_spectra/raw_q1_d093/lamost_dr11/J151219.33+293737.0__faint__lamost-dr11-337804202.fits,109440,7a0760229529835f8d53d91749b4353e57a8fa52a524df9d6dcb3049760ccd5f,https://www.lamost.org/dr11/v2.0/spectrum/fits/337804202,PRESENT_CHECKSUM_REUSED,p3sf-d093
J151804.33+364747.9,bright,Dong2025_SDSS_LAMOST,automated spectral preselection plus visual and photometric confirmation,SDSS_LEGACY,SDSS:1400-53470-305;specObjID=1576343765558257664;run2d=26,53470,03_spectra/raw_q1_d093/sdss_legacy/J151804.33+364747.9__bright__spec-1400-53470-0305.fits,172800,5be011494de168463e83b12fadc8dc8a6eff88caff823007c30d75d1a8dca054,https://data.sdss.org/sas/dr17/sdss/spectro/redux/26/spectra/lite/1400/spec-1400-53470-0305.fits,PRESENT_CHECKSUM_REUSED,p3sf-d093
J151804.33+364747.9,faint,Dong2025_SDSS_LAMOST,automated spectral preselection plus visual and photometric confirmation,LAMOST_DR11,LAMOST_DR11:obsid=437709230;planid=HD151157N364516M01;spid=9;fiberid=230;LMJD=57458,57458,03_spectra/raw_q1_d093/lamost_dr11/J151804.33+364747.9__faint__lamost-dr11-437709230.fits,109440,d6d4b3e2818a29d8efcf7eef39a68175da227929ea967a931c3c033cee25c592,https://www.lamost.org/dr11/v2.0/spectrum/fits/437709230,PRESENT_CHECKSUM_REUSED,p3sf-d093
J152904.77+024640.4,bright,Dong2025_SDSS_LAMOST,automated spectral preselection plus visual and photometric confirmation,SDSS_LEGACY,SDSS:593-52026-319;specObjID=667746364800657408;run2d=26,52026,03_spectra/raw_q1_d093/sdss_legacy/J152904.77+024640.4__bright__spec-0593-52026-0319.fits,172800,cd7b011f14b4988a769d7baba9719950befa9b50c58e0b5dc7cb654d2bb77f35,https://data.sdss.org/sas/dr17/sdss/spectro/redux/26/spectra/lite/0593/spec-0593-52026-0319.fits,PRESENT_CHECKSUM_REUSED,p3sf-d093
J152904.77+024640.4,faint,Dong2025_SDSS_LAMOST,automated spectral preselection plus visual and photometric confirmation,LAMOST_DR11,LAMOST_DR11:obsid=557714142;planid=HD153504N014009B01;spid=14;fiberid=142;LMJD=57834,57834,03_spectra/raw_q1_d093/lamost_dr11/J152904.77+024640.4__faint__lamost-dr11-557714142.fits,109440,c37984ecb8d625cc4ee61a57cb9bfead2fe12994082218113d692148b85a73f6,https://www.lamost.org/dr11/v2.0/spectrum/fits/557714142,PRESENT_CHECKSUM_REUSED,p3sf-d093
J160157.53+490207.8,bright,Dong2025_SDSS_LAMOST,automated spectral preselection plus visual and photometric confirmation,SDSS_LEGACY,SDSS:622-52054-331;specObjID=700400761103738880;run2d=26,52054,03_spectra/raw_q1_d093/sdss_legacy/J160157.53+490207.8__bright__spec-0622-52054-0331.fits,172800,59f03a80d879ff32e853e7c9a530824c45fd8f79ee1dced243187c83db84fc4b,https://data.sdss.org/sas/dr17/sdss/spectro/redux/26/spectra/lite/0622/spec-0622-52054-0331.fits,PRESENT_CHECKSUM_REUSED,p3sf-d093
J160157.53+490207.8,faint,Dong2025_SDSS_LAMOST,automated spectral preselection plus visual and photometric confirmation,LAMOST_DR11,LAMOST_DR11:obsid=1001807205;planid=HD155907N503821M02;spid=7;fiberid=205;LMJD=59674,59674,03_spectra/raw_q1_d093/lamost_dr11/J160157.53+490207.8__faint__lamost-dr11-1001807205.fits,109440,0c1f5721366aa3910a92ada4ed261fae700706a8740490c19f44eb95bc86e2e5,https://www.lamost.org/dr11/v2.0/spectrum/fits/1001807205,PRESENT_CHECKSUM_REUSED,p3sf-d093
J1000+0354,faint,Yang2025_turn_on,optical/MIR variability preselection plus spectroscopic confirmation,SDSS_LEGACY,SDSS:572-52289-171;specObjID=644061789239142400,52289,03_spectra/raw_q1_d093/sdss_legacy/J1000+0354__faint__spec-0572-52289-0171.fits,172800,2dc44fad6c9920f17e465e25611116a6257657c2327491eeef0166d16be00fc9,https://data.sdss.org/sas/dr17/sdss/spectro/redux/26/spectra/lite/0572/spec-0572-52289-0171.fits,DOWNLOADED_EXACT,p3sf-d093
J1000+0354,bright,Yang2025_turn_on,optical/MIR variability preselection plus spectroscopic confirmation,DESI_EDR,DESI_EDR:TARGETID=39627883852858304;zpix_id=158456325120802023439488517056;survey=sv3;program=bright;healpix=27345,59333,03_spectra/raw_q1_d093/desi_edr/J1000+0354__bright__desi-edr-sv3-bright-hp27345-tid39627883852858304.fits,950400,67fa29f81a5d5ea91b9bfa82cacae7bb4fd5a9bb5a8fb400b8c408266265eb86,https://data.desi.lbl.gov/public/edr/spectro/redux/fuji/healpix/sv3/bright/273/27345/coadd-sv3-bright-27345.fits,PRESENT_CHECKSUM_REUSED,p3sf-d093
J1003+0202,faint,Yang2025_turn_on,optical/MIR variability preselection plus spectroscopic confirmation,SDSS_LEGACY,SDSS:501-52235-197;specObjID=564130041772926976,52235,03_spectra/raw_q1_d093/sdss_legacy/J1003+0202__faint__spec-0501-52235-0197.fits,172800,4ec97af11d8c5fd0f6cea7391589c352c9f210d1d7a7a129a23ef686982dd03a,https://data.sdss.org/sas/dr17/sdss/spectro/redux/26/spectra/lite/0501/spec-0501-52235-0197.fits,DOWNLOADED_EXACT,p3sf-d093
J1003+0202,bright,Yang2025_turn_on,optical/MIR variability preselection plus spectroscopic confirmation,LAMOST_DR11,LAMOST_DR11:obsid=714905145;planid=HD100408N031203M02;spid=5;fiberid=145;LMJD=58495,58494,03_spectra/raw_q1_d093/lamost_dr11/J1003+0202__bright__lamost-dr11-714905145.fits,109440,c98be10013c86e36b2f73045bb5ed6e63a4703e91c64cfb532c4a48132133f21,https://www.lamost.org/dr11/v2.0/spectrum/fits/714905145,PRESENT_CHECKSUM_REUSED,p3sf-d093
J1003+0458,faint,Yang2025_turn_on,optical/MIR variability preselection plus spectroscopic confirmation,SDSS_LEGACY,SDSS:573-52325-330;specObjID=645231395337168896,52325,03_spectra/raw_q1_d093/sdss_legacy/J1003+0458__faint__spec-0573-52325-0330.fits,172800,8112941dffb202d88b97f30cee084c992db0bf2233e19084ee110e13fb064a33,https://data.sdss.org/sas/dr17/sdss/spectro/redux/26/spectra/lite/0573/spec-0573-52325-0330.fits,DOWNLOADED_EXACT,p3sf-d093
J1003+0458,bright,Yang2025_turn_on,optical/MIR variability preselection plus spectroscopic confirmation,LAMOST_DR11,LAMOST_DR11:obsid=714911087;planid=HD100408N031203M02;spid=11;fiberid=87;LMJD=58495,58495,03_spectra/raw_q1_d093/lamost_dr11/J1003+0458__bright__lamost-dr11-714911087.fits,109440,9aade8f7df1093e2fda65d96668763beb82ff6448472bfeb3a8baca7fe93d5a7,https://www.lamost.org/dr11/v2.0/spectrum/fits/714911087,PRESENT_CHECKSUM_REUSED,p3sf-d093
J1009+3539,faint,Yang2025_turn_on,optical/MIR variability preselection plus spectroscopic confirmation,SDSS_LEGACY,SDSS:1951-53389-517;specObjID=2196772886985861120,53389,03_spectra/raw_q1_d093/sdss_legacy/J1009+3539__faint__spec-1951-53389-0517.fits,172800,55ed80dad5bc6e31e2c1f035fdbbce42058461a14446717af8df5e4370464501,https://data.sdss.org/sas/dr17/sdss/spectro/redux/26/spectra/lite/1951/spec-1951-53389-0517.fits,DOWNLOADED_EXACT,p3sf-d093
J1009+3539,bright,Yang2025_turn_on,optical/MIR variability preselection plus spectroscopic confirmation,LAMOST_DR11,LAMOST_DR11:obsid=803405162;planid=HD101055N362805M02;spid=5;fiberid=162;LMJD=58897,58896,03_spectra/raw_q1_d093/lamost_dr11/J1009+3539__bright__lamost-dr11-803405162.fits,109440,e0c574feef86f95ff04ec9947e7423d56188218e806715c2bab5676cee04191f,https://www.lamost.org/dr11/v2.0/spectrum/fits/803405162,PRESENT_CHECKSUM_REUSED,p3sf-d093
J1110+0804,faint,Yang2025_turn_on,optical/MIR variability preselection plus spectroscopic confirmation,SDSS_LEGACY,SDSS:1004-52723-452;specObjID=1130527796968318976,52723,03_spectra/raw_q1_d093/sdss_legacy/J1110+0804__faint__spec-1004-52723-0452.fits,172800,e32de936a263dde14dabef8ead413fa3659f074e00aa10f0d482a4bd886b8709,https://data.sdss.org/sas/dr17/sdss/spectro/redux/26/spectra/lite/1004/spec-1004-52723-0452.fits,DOWNLOADED_EXACT,p3sf-d093
J1110+0804,bright,Yang2025_turn_on,optical/MIR variability preselection plus spectroscopic confirmation,LAMOST_DR11,LAMOST_DR11:obsid=631809074;planid=HD110609N070823M02;spid=9;fiberid=74;LMJD=58136,58136,03_spectra/raw_q1_d093/lamost_dr11/J1110+0804__bright__lamost-dr11-631809074.fits,109440,66e06a001173ee34a891001f7d88237f011e6621e54cb7ebe7581e60319f3dc3,https://www.lamost.org/dr11/v2.0/spectrum/fits/631809074,PRESENT_CHECKSUM_REUSED,p3sf-d093
J1311+0705,faint,Yang2025_turn_on,optical/MIR variability preselection plus spectroscopic confirmation,SDSS_LEGACY,SDSS:1795-54507-102;specObjID=2021018445943957504,54507,03_spectra/raw_q1_d093/sdss_legacy/J1311+0705__faint__spec-1795-54507-0102.fits,175680,49938a37b3db88de71134eafe98c1675bdc3bab17459c2da65469e8a057193af,https://data.sdss.org/sas/dr17/sdss/spectro/redux/26/spectra/lite/1795/spec-1795-54507-0102.fits,DOWNLOADED_EXACT,p3sf-d093
J1311+0705,bright,Yang2025_turn_on,optical/MIR variability preselection plus spectroscopic confirmation,DESI_EDR,DESI_EDR:TARGETID=39627956850526758;zpix_id=158456325083908535365067082278;survey=sv1;program=bright;healpix=26502,59295,03_spectra/raw_q1_d093/desi_edr/J1311+0705__bright__desi-edr-sv1-bright-hp26502-tid39627956850526758.fits,950400,9156c5b0496a6311bd4b8c73948021cb791856224c375f7fb06ca887c74bd8e1,https://data.desi.lbl.gov/public/edr/spectro/redux/fuji/healpix/sv1/bright/265/26502/coadd-sv1-bright-26502.fits,ACQUIRED_IDENTITY_FAIL,p3sf-d093
J020649.48-041452.7,bright,Zeltyn2024_SDSSV,repeat spectroscopy plus visual confirmation and light-curve/follow-up support,SDSS_LEGACY,SDSS:7238-56660-791;specObjID=8149481065888897024;run2d=v5_13_2,57742,03_spectra/raw_q1_d093/sdss_legacy/J020649.48-041452.7__bright__spec-7238-56660-0791.fits,218880,27d881c47939c7981a961960e230a73ee354887f300748238f49d57ec72b350d,https://data.sdss.org/sas/dr17/eboss/spectro/redux/v5_13_2/spectra/lite/7238/spec-7238-56660-0791.fits,ACQUIRED_IDENTITY_FAIL,p3sf-d093
J020649.48-041452.7,faint,Zeltyn2024_SDSSV,repeat spectroscopy plus visual confirmation and light-curve/follow-up support,SDSSV_DR19,SDSSV_DR19:sdss_id=70072408;field=15046;mjd=59226;catalogid=4375838796;run2d=v6_1_3,59226,03_spectra/raw_q1_d093/sdssv_dr19/J020649.48-041452.7__faint__spec-015046-59226-4375838796.fits,388800,00959f36e64df3021b6f91e75e5bf4cc198b96d96f6d7f415803f916f1314d7f,https://api.sdss.org/valis/file/specLite/download?release=DR19&kwargs=fieldid%3D15046&kwargs=mjd%3D59226&kwargs=catalogid%3D4375838796&kwargs=run2d%3Dv6_1_3,PRESENT_CHECKSUM_REUSED,p3sf-d093
J075934.95+322143.3,faint,Zeltyn2024_SDSSV,repeat spectroscopy plus visual confirmation and light-curve/follow-up support,SDSS_LEGACY,SDSS:890-52583-634;specObjID=1002225233018513408;run2d=26,52583,03_spectra/raw_q1_d093/sdss_legacy/J075934.95+322143.3__faint__spec-0890-52583-0634.fits,172800,9ece33e42f080267d61d90d3b036e82e49a44b57f1194ad248b47c419d59dcb1,https://data.sdss.org/sas/dr17/sdss/spectro/redux/26/spectra/lite/0890/spec-0890-52583-0634.fits,PRESENT_CHECKSUM_REUSED,p3sf-d093
J075934.95+322143.3,bright,Zeltyn2024_SDSSV,repeat spectroscopy plus visual confirmation and light-curve/follow-up support,SDSSV_DR19,SDSSV_DR19:sdss_id=57596704;field=15023;mjd=59167;catalogid=4554716669;run2d=v6_1_3,59167,03_spectra/raw_q1_d093/sdssv_dr19/J075934.95+322143.3__bright__spec-015023-59167-4554716669.fits,391680,18c939fb2e1ac9c14390ba5cb7e86fb6347fbd72c4cba9a3a5d29e557e9b7c44,https://api.sdss.org/valis/file/specLite/download?release=DR19&kwargs=fieldid%3D15023&kwargs=mjd%3D59167&kwargs=catalogid%3D4554716669&kwargs=run2d%3Dv6_1_3,PRESENT_CHECKSUM_REUSED,p3sf-d093
J080133.29+341737.6,bright,Zeltyn2024_SDSSV,repeat spectroscopy plus visual confirmation and light-curve/follow-up support,SDSS_LEGACY,SDSS:891-52584-472;specObjID=1003306602721208320;run2d=26,52584,03_spectra/raw_q1_d093/sdss_legacy/J080133.29+341737.6__bright__spec-0891-52584-0472.fits,172800,bc4756761eb3a1a9b3bb9a2cf93589ac34c90161a0eaf23db757ec663ee593bc,https://data.sdss.org/sas/dr17/sdss/spectro/redux/26/spectra/lite/0891/spec-0891-52584-0472.fits,PRESENT_CHECKSUM_REUSED,p3sf-d093
J080133.29+341737.6,faint,Zeltyn2024_SDSSV,repeat spectroscopy plus visual confirmation and light-curve/follow-up support,SDSSV_DR19,SDSSV_DR19:sdss_id=57821615;field=15022;mjd=59165;catalogid=4555221243;run2d=v6_1_3,59165,03_spectra/raw_q1_d093/sdssv_dr19/J080133.29+341737.6__faint__spec-015022-59165-4555221243.fits,391680,e48f23a0f23c30769d95f163580979dedee6f5e236b3d8420f81b050d8ad808c,https://api.sdss.org/valis/file/specLite/download?release=DR19&kwargs=fieldid%3D15022&kwargs=mjd%3D59165&kwargs=catalogid%3D4555221243&kwargs=run2d%3Dv6_1_3,PRESENT_CHECKSUM_REUSED,p3sf-d093
J080711.72+194439.7,bright,Zeltyn2024_SDSSV,repeat spectroscopy plus visual confirmation and light-curve/follow-up support,SDSS_LEGACY,SDSS:1922-53315-628;specObjID=2164152299893581824;run2d=26,53315,03_spectra/raw_q1_d093/sdss_legacy/J080711.72+194439.7__bright__spec-1922-53315-0628.fits,172800,db9971d3231a25644936138f57c31bdb4ec111e99327002dca73aa5e8383e2f1,https://data.sdss.org/sas/dr17/sdss/spectro/redux/26/spectra/lite/1922/spec-1922-53315-0628.fits,PRESENT_CHECKSUM_REUSED,p3sf-d093
J080711.72+194439.7,faint,Zeltyn2024_SDSSV,repeat spectroscopy plus visual confirmation and light-curve/follow-up support,SDSSV_DR19,SDSSV_DR19:sdss_id=56350768;field=15052;mjd=59229;catalogid=4546222689;run2d=v6_1_3,59229,03_spectra/raw_q1_d093/sdssv_dr19/J080711.72+194439.7__faint__spec-015052-59229-4546222689.fits,391680,d361511b05079ae97c07d88e1a7b9e8d247a4aa35b7e46182ba58bf454c633ad,https://api.sdss.org/valis/file/specLite/download?release=DR19&kwargs=fieldid%3D15052&kwargs=mjd%3D59229&kwargs=catalogid%3D4546222689&kwargs=run2d%3Dv6_1_3,PRESENT_CHECKSUM_REUSED,p3sf-d093
J083716.47+035606.1,faint,Zeltyn2024_SDSSV,repeat spectroscopy plus visual confirmation and light-curve/follow-up support,SDSS_LEGACY,SDSS:1186-52646-60;specObjID=1335333826582308864;run2d=26,52646,03_spectra/raw_q1_d093/sdss_legacy/J083716.47+035606.1__faint__spec-1186-52646-0060.fits,172800,09a32249eea00f2ce6aea311b4ade1872dc7007f7563e492e21b44304a330089,https://data.sdss.org/sas/dr17/sdss/spectro/redux/26/spectra/lite/1186/spec-1186-52646-0060.fits,PRESENT_CHECKSUM_REUSED,p3sf-d093
J083716.47+035606.1,bright,Zeltyn2024_SDSSV,repeat spectroscopy plus visual confirmation and light-curve/follow-up support,SDSSV_DR19,SDSSV_DR19:sdss_id=74372765;field=15257;mjd=59288;catalogid=4545083597;run2d=v6_1_3,59288,03_spectra/raw_q1_d093/sdssv_dr19/J083716.47+035606.1__bright__spec-015257-59288-4545083597.fits,383040,80e19388c58725e724179e69a7c55fe203e02decd82be6d14d65f578835e0b64,https://api.sdss.org/valis/file/specLite/download?release=DR19&kwargs=fieldid%3D15257&kwargs=mjd%3D59288&kwargs=catalogid%3D4545083597&kwargs=run2d%3Dv6_1_3,PRESENT_CHECKSUM_REUSED,p3sf-d093
J085512.13+032950.6,bright,Zeltyn2024_SDSSV,repeat spectroscopy plus visual confirmation and light-curve/follow-up support,SDSS_LEGACY,SDSS:565-52225-466;specObjID=636261577800050688;run2d=26,52225,03_spectra/raw_q1_d093/sdss_legacy/J085512.13+032950.6__bright__spec-0565-52225-0466.fits,172800,17da1311a9ff5a423c106817a55b017703f6ffc58fdc464af59018960c358d6f,https://data.sdss.org/sas/dr17/sdss/spectro/redux/26/spectra/lite/0565/spec-0565-52225-0466.fits,PRESENT_CHECKSUM_REUSED,p3sf-d093
J085512.13+032950.6,faint,Zeltyn2024_SDSSV,repeat spectroscopy plus visual confirmation and light-curve/follow-up support,SDSSV_DR19,SDSSV_DR19:sdss_id=55773348;field=15260;mjd=59304;catalogid=4545238496;run2d=v6_1_3,59304,03_spectra/raw_q1_d093/sdssv_dr19/J085512.13+032950.6__faint__spec-015260-59304-4545238496.fits,383040,213de8773bb36a3137ceca66b1736da6651f960255656239ce41bff09c0f22c3,https://api.sdss.org/valis/file/specLite/download?release=DR19&kwargs=fieldid%3D15260&kwargs=mjd%3D59304&kwargs=catalogid%3D4545238496&kwargs=run2d%3Dv6_1_3,PRESENT_CHECKSUM_REUSED,p3sf-d093
J092313.53+043445.0,faint,Zeltyn2024_SDSSV,repeat spectroscopy plus visual confirmation and light-curve/follow-up support,SDSS_LEGACY,SDSS:991-52707-85;specObjID=1115790217719080960;run2d=26,52707,03_spectra/raw_q1_d093/sdss_legacy/J092313.53+043445.0__faint__spec-0991-52707-0085.fits,172800,cd721dd44156f3724ba1f112c98b0106c0e672d5b2553cf1e60aee1a3af1d109,https://data.sdss.org/sas/dr17/sdss/spectro/redux/26/spectra/lite/0991/spec-0991-52707-0085.fits,PRESENT_CHECKSUM_REUSED,p3sf-d093
J092313.53+043445.0,bright,Zeltyn2024_SDSSV,repeat spectroscopy plus visual confirmation and light-curve/follow-up support,SDSSV_DR19,SDSSV_DR19:sdss_id=80017098;field=15265;mjd=59292;catalogid=4592693075;run2d=v6_1_3,59292,03_spectra/raw_q1_d093/sdssv_dr19/J092313.53+043445.0__bright__spec-015265-59292-4592693075.fits,383040,9475dc13d19d9c9908682d638f640a06ceba862ccdab8015e860dcf39262c85c,https://api.sdss.org/valis/file/specLite/download?release=DR19&kwargs=fieldid%3D15265&kwargs=mjd%3D59292&kwargs=catalogid%3D4592693075&kwargs=run2d%3Dv6_1_3,PRESENT_CHECKSUM_REUSED,p3sf-d093
J121618.00+515946.1,bright,Zeltyn2024_SDSSV,repeat spectroscopy plus visual confirmation and light-curve/follow-up support,SDSS_LEGACY,SDSS:883-52430-109;specObjID=994199620202555392;run2d=26,52430,03_spectra/raw_q1_d093/sdss_legacy/J121618.00+515946.1__bright__spec-0883-52430-0109.fits,172800,efe003a3013cb6110dcada686510e15e4c8fa49c9d605fac78afbb23a77f645a,https://data.sdss.org/sas/dr17/sdss/spectro/redux/26/spectra/lite/0883/spec-0883-52430-0109.fits,PRESENT_CHECKSUM_REUSED,p3sf-d093
J121618.00+515946.1,faint,Zeltyn2024_SDSSV,repeat spectroscopy plus visual confirmation and light-curve/follow-up support,SDSSV_DR19,SDSSV_DR19:sdss_id=61917395;field=15237;mjd=59256;catalogid=4351905150;run2d=v6_1_3,59256,03_spectra/raw_q1_d093/sdssv_dr19/J121618.00+515946.1__faint__spec-015237-59256-4351905150.fits,383040,ec6c6bf0fb025e7e53ec282ff1f0643825bb3425a773a0bcbda971c43ba28007,https://api.sdss.org/valis/file/specLite/download?release=DR19&kwargs=fieldid%3D15237&kwargs=mjd%3D59256&kwargs=catalogid%3D4351905150&kwargs=run2d%3Dv6_1_3,PRESENT_CHECKSUM_REUSED,p3sf-d093
J135750.26+614309.0,bright,Zeltyn2024_SDSSV,repeat spectroscopy plus visual confirmation and light-curve/follow-up support,SDSS_LEGACY,SDSS:6815-56419-398;specObjID=7673117374233729024;run2d=v5_13_2,56419,03_spectra/raw_q1_d093/sdss_legacy/J135750.26+614309.0__bright__spec-6815-56419-0398.fits,218880,5c1941896efc4693f9c012b7989ecc60b7f049cf0ad2372ecaae022b65ee13fd,https://data.sdss.org/sas/dr17/eboss/spectro/redux/v5_13_2/spectra/lite/6815/spec-6815-56419-0398.fits,PRESENT_CHECKSUM_REUSED,p3sf-d093
J135750.26+614309.0,faint,Zeltyn2024_SDSSV,repeat spectroscopy plus visual confirmation and light-curve/follow-up support,SDSSV_DR19,SDSSV_DR19:sdss_id=62545876;field=15303;mjd=59280;catalogid=4349290127;run2d=v6_1_3,59280,03_spectra/raw_q1_d093/sdssv_dr19/J135750.26+614309.0__faint__spec-015303-59280-4349290127.fits,383040,f6268d260512e5734fc045a356385d279a39b9ef31c06b857022be3a8c1b4496,https://api.sdss.org/valis/file/specLite/download?release=DR19&kwargs=fieldid%3D15303&kwargs=mjd%3D59280&kwargs=catalogid%3D4349290127&kwargs=run2d%3Dv6_1_3,PRESENT_CHECKSUM_REUSED,p3sf-d093
J140515.59+542458.0,faint,Zeltyn2024_SDSSV,repeat spectroscopy plus visual confirmation and light-curve/follow-up support,SDSS_LEGACY,SDSS:1324-53088-184;specObjID=1490742106002581504;run2d=26,53088,03_spectra/raw_q1_d093/sdss_legacy/J140515.59+542458.0__faint__spec-1324-53088-0184.fits,172800,0dcc5871d4711a8666140f08a970391b12884b0b1c6a57cc12209607e0201b63,https://data.sdss.org/sas/dr17/sdss/spectro/redux/26/spectra/lite/1324/spec-1324-53088-0184.fits,PRESENT_CHECKSUM_REUSED,p3sf-d093
J140515.59+542458.0,bright,Zeltyn2024_SDSSV,repeat spectroscopy plus visual confirmation and light-curve/follow-up support,SDSSV_DR19,SDSSV_DR19:sdss_id=62245417;field=15304;mjd=59281;catalogid=4351042394;run2d=v6_1_3,59281,03_spectra/raw_q1_d093/sdssv_dr19/J140515.59+542458.0__bright__spec-015304-59281-4351042394.fits,385920,0ee785d996d181ee83d5b3c45713978b374d4b79678b361ae1b33025e3e3cfb3,https://api.sdss.org/valis/file/specLite/download?release=DR19&kwargs=fieldid%3D15304&kwargs=mjd%3D59281&kwargs=catalogid%3D4351042394&kwargs=run2d%3Dv6_1_3,PRESENT_CHECKSUM_REUSED,p3sf-d093
J221026.83-001721.1,faint,Zeltyn2024_SDSSV,repeat spectroscopy plus visual confirmation and light-curve/follow-up support,SDSS_LEGACY,SDSS:4199-55481-34;specObjID=4727663146638268416;run2d=v5_13_2,55481,03_spectra/raw_q1_d093/sdss_legacy/J221026.83-001721.1__faint__spec-4199-55481-0034.fits,218880,30ba38469125e9a8023fbaaacf3599a7bd0dedc083f3aed44ee2b8b78fbce14e,https://data.sdss.org/sas/dr17/eboss/spectro/redux/v5_13_2/spectra/lite/4199/spec-4199-55481-0034.fits,ACQUIRED_IDENTITY_FAIL,p3sf-d093
J221026.83-001721.1,bright,Zeltyn2024_SDSSV,repeat spectroscopy plus visual confirmation and light-curve/follow-up support,SDSSV_DR19,SDSSV_DR19:sdss_id=71014601;field=15065;mjd=59386;catalogid=4368643384;run2d=v6_1_3,59386,03_spectra/raw_q1_d093/sdssv_dr19/J221026.83-001721.1__bright__spec-015065-59386-4368643384.fits,383040,24a85f0324a92d12c2691ff692e19ea83f11add0ff2c7670cfdf388b2d8358ee,https://api.sdss.org/valis/file/specLite/download?release=DR19&kwargs=fieldid%3D15065&kwargs=mjd%3D59386&kwargs=catalogid%3D4368643384&kwargs=run2d%3Dv6_1_3,ACQUIRED_IDENTITY_FAIL,p3sf-d093
