transition_id,reference_tier,source_family,event,reference_origin,bright_instrument,faint_instrument,instrument_pair,bright_snr_hbeta,faint_snr_hbeta,bright_snr_continuum,faint_snr_continuum,yang_applicable,green_applicable,faint_only_support_5,matched_support_5,faint_only_support_10,matched_support_10,faint_only_support_15,matched_support_15,faint_only_support_20,matched_support_20,faint_only_support_30,matched_support_30,faint_only_support_40,matched_support_40
J075934.95+322143.3,GOLD,Zeltyn2024_SDSSV,turn_on,D093_NEW_VALIDATED,SDSSV_DR19,SDSS_LEGACY,SDSSV_DR19/SDSS_LEGACY,31.815245564405796,16.0465313496846,32.76048517420148,17.19522385500608,True,True,True,True,True,True,True,True,False,False,False,False,False,False
J080133.29+341737.6,GOLD,Zeltyn2024_SDSSV,turn_off,D093_NEW_VALIDATED,SDSS_LEGACY,SDSSV_DR19,SDSS_LEGACY/SDSSV_DR19,17.671365310735325,19.31141791637433,16.699361751467148,20.210948829293844,True,True,True,True,True,True,True,True,False,False,False,False,False,False
J080711.72+194439.7,GOLD,Zeltyn2024_SDSSV,turn_off,D093_NEW_VALIDATED,SDSS_LEGACY,SDSSV_DR19,SDSS_LEGACY/SDSSV_DR19,22.001761231188688,13.124049544811278,18.206784021584895,11.250093151191686,True,True,True,True,True,True,False,False,False,False,False,False,False,False
J083716.47+035606.1,GOLD,Zeltyn2024_SDSSV,turn_on,D093_NEW_VALIDATED,SDSSV_DR19,SDSS_LEGACY,SDSSV_DR19/SDSS_LEGACY,26.60684789842452,22.914614338003343,25.91282605123329,22.70942210172365,True,True,True,True,True,True,True,True,True,True,False,False,False,False
J083826.50+371906.7,GOLD,Dong2025_SDSS_LAMOST,turn_on,D093_NEW_VALIDATED,LAMOST_DR11,SDSS_LEGACY,LAMOST_DR11/SDSS_LEGACY,9.49071860597531,7.619796032415545,10.435683807459997,8.359852722203446,False,False,True,True,False,False,False,False,False,False,False,False,False,False
J084016.42+220624.6,GOLD,Dong2025_SDSS_LAMOST,turn_off,D093_NEW_VALIDATED,SDSS_LEGACY,LAMOST_DR11,SDSS_LEGACY/LAMOST_DR11,8.99107090312085,5.5784525406894785,0.8826444650150902,8.297053965755445,False,True,True,True,False,False,False,False,False,False,False,False,False,False
J085512.13+032950.6,GOLD,Zeltyn2024_SDSSV,turn_off,D093_NEW_VALIDATED,SDSS_LEGACY,SDSSV_DR19,SDSS_LEGACY/SDSSV_DR19,21.316966521635997,21.54008436382384,18.7995218459791,20.170056803340465,True,True,True,True,True,True,True,True,True,True,False,False,False,False
J092313.53+043445.0,GOLD,Zeltyn2024_SDSSV,turn_on,D093_NEW_VALIDATED,SDSSV_DR19,SDSS_LEGACY,SDSSV_DR19/SDSS_LEGACY,20.558660110399657,3.8936723994784015,16.6758091973822,2.2997382449887116,True,True,False,False,False,False,False,False,False,False,False,False,False,False
J095536.70+103752.4,GOLD,Dong2025_SDSS_LAMOST,turn_on,D093_NEW_VALIDATED,LAMOST_DR11,SDSS_LEGACY,LAMOST_DR11/SDSS_LEGACY,14.59688526013101,8.261404561515231,12.61600178077791,6.54405072183976,True,True,True,True,False,False,False,False,False,False,False,False,False,False
J1000+0354,GOLD,Yang2025_turn_on,turn_on,D093_NEW_VALIDATED,DESI_EDR,SDSS_LEGACY,DESI_EDR/SDSS_LEGACY,4.5416807977461815,9.263317026059754,4.494633678529905,11.278659726788652,True,True,True,False,False,False,False,False,False,False,False,False,False,False
J1003+0202,GOLD,Yang2025_turn_on,turn_on,D093_NEW_VALIDATED,LAMOST_DR11,SDSS_LEGACY,LAMOST_DR11/SDSS_LEGACY,11.631569853832014,17.215312581916855,9.650100460737686,17.00621322100273,True,True,True,True,True,True,True,False,False,False,False,False,False,False
J1003+0458,GOLD,Yang2025_turn_on,turn_on,D093_NEW_VALIDATED,LAMOST_DR11,SDSS_LEGACY,LAMOST_DR11/SDSS_LEGACY,7.363631777400744,16.138194804352604,5.759785223485461,15.429708997333638,False,True,True,True,True,False,True,False,False,False,False,False,False,False
J1009+3539,GOLD,Yang2025_turn_on,turn_on,D093_NEW_VALIDATED,LAMOST_DR11,SDSS_LEGACY,LAMOST_DR11/SDSS_LEGACY,29.868904848451606,26.13477687991703,26.842780780337183,26.06212123644268,True,True,True,True,True,True,True,True,True,True,False,False,False,False
J101403.44+193609.1,GOLD,Dong2025_SDSS_LAMOST,turn_off,D093_NEW_VALIDATED,SDSS_LEGACY,LAMOST_DR11,SDSS_LEGACY/LAMOST_DR11,14.798009269674814,9.542702050369549,12.993953142124246,8.182386651342773,True,True,True,True,False,False,False,False,False,False,False,False,False,False
J101417.87+351106.8,GOLD,Dong2025_SDSS_LAMOST,turn_off,D093_NEW_VALIDATED,SDSS_LEGACY,LAMOST_DR11,SDSS_LEGACY/LAMOST_DR11,12.899181637064396,6.635306690134485,10.87530825680314,6.584208114868612,True,True,True,True,False,False,False,False,False,False,False,False,False,False
J102822.85+235125.8,GOLD,Dong2025_SDSS_LAMOST,turn_off,D093_NEW_VALIDATED,SDSS_LEGACY,LAMOST_DR11,SDSS_LEGACY/LAMOST_DR11,14.316053864546554,4.472544486742137,14.258346619849616,6.469625788525412,True,True,False,False,False,False,False,False,False,False,False,False,False,False
J103844.05+390804.0,GOLD,Dong2025_SDSS_LAMOST,turn_off,D093_NEW_VALIDATED,SDSS_LEGACY,LAMOST_DR11,SDSS_LEGACY/LAMOST_DR11,20.811471283795743,3.7546431529419326,18.524325876969005,3.216061487194051,True,True,False,False,False,False,False,False,False,False,False,False,False,False
J104043.38+273518.9,GOLD,Dong2025_SDSS_LAMOST,turn_off,D093_NEW_VALIDATED,SDSS_LEGACY,LAMOST_DR11,SDSS_LEGACY/LAMOST_DR11,13.575984186008537,8.749235395882003,13.097201977291435,10.626862325725286,True,True,True,True,False,False,False,False,False,False,False,False,False,False
J104111.56+555142.4,GOLD,Dong2025_SDSS_LAMOST,turn_off,D093_NEW_VALIDATED,SDSS_LEGACY,LAMOST_DR11,SDSS_LEGACY/LAMOST_DR11,15.765222174772743,6.693025938085913,15.70223220924025,7.625074285885321,True,True,True,True,False,False,False,False,False,False,False,False,False,False
J104427.75+271806.3,GOLD,Dong2025_SDSS_LAMOST,turn_off,D093_NEW_VALIDATED,SDSS_LEGACY,LAMOST_DR11,SDSS_LEGACY/LAMOST_DR11,35.12805989488302,30.058555515064704,33.51278008582072,28.518753168352184,True,True,True,True,True,True,True,True,True,True,True,True,False,False
J105233.83+454949.3,GOLD,Dong2025_SDSS_LAMOST,turn_off,D093_NEW_VALIDATED,SDSS_LEGACY,LAMOST_DR11,SDSS_LEGACY/LAMOST_DR11,17.210687484885945,13.081401430532054,15.575423547089745,10.769582630654092,True,True,True,True,True,True,False,False,False,False,False,False,False,False
J110413.32+281530.3,GOLD,Dong2025_SDSS_LAMOST,turn_off,D093_NEW_VALIDATED,SDSS_LEGACY,LAMOST_DR11,SDSS_LEGACY/LAMOST_DR11,15.746001965681431,4.716234129324431,16.564097267158786,5.940278968338696,False,True,False,False,False,False,False,False,False,False,False,False,False,False
J1110+0804,GOLD,Yang2025_turn_on,turn_on,D093_NEW_VALIDATED,LAMOST_DR11,SDSS_LEGACY,LAMOST_DR11/SDSS_LEGACY,11.351018677007744,13.744911450330717,9.340875806942574,12.25836785560768,True,True,True,True,True,True,False,False,False,False,False,False,False,False
J112229.65+214815.6,GOLD,Dong2025_SDSS_LAMOST,turn_off,D093_NEW_VALIDATED,SDSS_LEGACY,LAMOST_DR11,SDSS_LEGACY/LAMOST_DR11,30.157567945288022,26.592793855014364,29.755782667505837,25.0959582693889,True,True,True,True,True,True,True,True,True,True,False,False,False,False
J113402.78+290403.9,GOLD,Dong2025_SDSS_LAMOST,turn_off,D093_NEW_VALIDATED,SDSS_LEGACY,LAMOST_DR11,SDSS_LEGACY/LAMOST_DR11,15.569025434155156,9.822783230263996,12.892247567708052,8.890167985486414,True,True,True,True,False,False,False,False,False,False,False,False,False,False
J114154.47+063509.6,GOLD,Dong2025_SDSS_LAMOST,turn_off,D093_NEW_VALIDATED,SDSS_LEGACY,LAMOST_DR11,SDSS_LEGACY/LAMOST_DR11,26.58248103006477,12.45239955216459,25.795261344089766,6.841261845933375,False,False,True,True,True,True,False,False,False,False,False,False,False,False
J114634.92+282642.0,GOLD,Dong2025_SDSS_LAMOST,turn_off,D093_NEW_VALIDATED,SDSS_LEGACY,LAMOST_DR11,SDSS_LEGACY/LAMOST_DR11,16.599673258522483,9.914645464732253,16.611907040008912,10.728892813810198,True,True,True,True,False,False,False,False,False,False,False,False,False,False
J120635.22+175312.3,GOLD,Dong2025_SDSS_LAMOST,turn_off,D093_NEW_VALIDATED,SDSS_LEGACY,LAMOST_DR11,SDSS_LEGACY/LAMOST_DR11,20.20666607855764,11.782603204950856,16.366129888913743,6.188481940306659,True,True,True,True,True,True,False,False,False,False,False,False,False,False
J121618.00+515946.1,GOLD,Zeltyn2024_SDSSV,turn_off,D093_NEW_VALIDATED,SDSS_LEGACY,SDSSV_DR19,SDSS_LEGACY/SDSSV_DR19,8.931383427657195,10.034284405969036,6.895354242824907,8.739461320906075,True,True,True,True,True,False,False,False,False,False,False,False,False,False
J122355.23+343856.6,GOLD,Dong2025_SDSS_LAMOST,turn_off,D093_NEW_VALIDATED,SDSS_LEGACY,LAMOST_DR11,SDSS_LEGACY/LAMOST_DR11,19.921866687610812,10.463746036652,15.611002122822123,8.1812618805568,True,True,True,True,True,True,False,False,False,False,False,False,False,False
J122623.69+261050.0,GOLD,Dong2025_SDSS_LAMOST,turn_off,D093_NEW_VALIDATED,SDSS_LEGACY,LAMOST_DR11,SDSS_LEGACY/LAMOST_DR11,22.638264038453094,3.884369819918207,20.5110829315949,3.1912881777428908,True,True,False,False,False,False,False,False,False,False,False,False,False,False
J122945.61+440934.5,GOLD,Dong2025_SDSS_LAMOST,turn_off,D093_NEW_VALIDATED,SDSS_LEGACY,LAMOST_DR11,SDSS_LEGACY/LAMOST_DR11,12.098331618287482,8.080266053911227,13.44472898564133,10.823029860235184,False,True,True,True,False,False,False,False,False,False,False,False,False,False
J124554.71+460418.7,GOLD,Dong2025_SDSS_LAMOST,turn_off,D093_NEW_VALIDATED,SDSS_LEGACY,LAMOST_DR11,SDSS_LEGACY/LAMOST_DR11,30.120459029627956,4.398916039655074,28.649944481884138,3.8577343093902847,True,True,False,False,False,False,False,False,False,False,False,False,False,False
J130501.21+010323.8,GOLD,Dong2025_SDSS_LAMOST,turn_off,D093_NEW_VALIDATED,SDSS_LEGACY,LAMOST_DR11,SDSS_LEGACY/LAMOST_DR11,11.831918138567078,3.38493912348312,9.235277875876404,2.333787784115272,True,True,False,False,False,False,False,False,False,False,False,False,False,False
J131432.70+122718.5,GOLD,Dong2025_SDSS_LAMOST,turn_off,D093_NEW_VALIDATED,SDSS_LEGACY,LAMOST_DR11,SDSS_LEGACY/LAMOST_DR11,27.558233467657313,12.860907915998714,25.788321939102907,10.990521868424992,True,True,True,True,True,True,False,False,False,False,False,False,False,False
J132421.98+280238.3,GOLD,Dong2025_SDSS_LAMOST,turn_off,D093_NEW_VALIDATED,SDSS_LEGACY,LAMOST_DR11,SDSS_LEGACY/LAMOST_DR11,19.400613901505075,7.7716456921398285,17.02617910464287,6.031336473190876,True,True,True,True,False,False,False,False,False,False,False,False,False,False
J133551.98+544450.1,GOLD,Dong2025_SDSS_LAMOST,turn_off,D093_NEW_VALIDATED,SDSS_LEGACY,LAMOST_DR11,SDSS_LEGACY/LAMOST_DR11,22.56842644738382,11.122286492093709,20.798428952104327,9.649348904603894,True,True,True,True,True,True,False,False,False,False,False,False,False,False
J134133.73+090356.7,GOLD,Dong2025_SDSS_LAMOST,turn_off,D093_NEW_VALIDATED,SDSS_LEGACY,LAMOST_DR11,SDSS_LEGACY/LAMOST_DR11,29.785118998980867,13.52727252661258,28.098004318681856,12.447280854348904,False,False,True,True,True,True,False,False,False,False,False,False,False,False
J134739.65+362240.0,GOLD,Dong2025_SDSS_LAMOST,turn_off,D093_NEW_VALIDATED,SDSS_LEGACY,LAMOST_DR11,SDSS_LEGACY/LAMOST_DR11,11.28484079547771,4.345836717836633,12.798419742019473,4.667104445149489,False,True,False,False,False,False,False,False,False,False,False,False,False,False
J135255.68+252859.6,GOLD,Dong2025_SDSS_LAMOST,turn_off,D093_NEW_VALIDATED,SDSS_LEGACY,LAMOST_DR11,SDSS_LEGACY/LAMOST_DR11,31.05517496129127,19.915590850575864,29.792474622057014,19.91499874139012,True,True,True,True,True,True,True,True,False,False,False,False,False,False
J135750.26+614309.0,GOLD,Zeltyn2024_SDSSV,turn_off,D093_NEW_VALIDATED,SDSS_LEGACY,SDSSV_DR19,SDSS_LEGACY/SDSSV_DR19,9.604598204685876,5.826529225644828,6.2384586963547095,4.248956443626028,True,False,True,True,False,False,False,False,False,False,False,False,False,False
J140207.59+284859.3,GOLD,Dong2025_SDSS_LAMOST,turn_off,D093_NEW_VALIDATED,SDSS_LEGACY,LAMOST_DR11,SDSS_LEGACY/LAMOST_DR11,15.985729322982849,9.22944458989262,16.14042809031914,11.257770841182513,True,True,True,True,False,False,False,False,False,False,False,False,False,False
J140515.59+542458.0,GOLD,Zeltyn2024_SDSSV,turn_on,D093_NEW_VALIDATED,SDSSV_DR19,SDSS_LEGACY,SDSSV_DR19/SDSS_LEGACY,28.59276416790963,21.766335130295197,26.968188683372382,21.35685587896373,True,True,True,True,True,True,True,True,True,True,False,False,False,False
J150026.17+374732.4,GOLD,Dong2025_SDSS_LAMOST,turn_off,D093_NEW_VALIDATED,SDSS_LEGACY,LAMOST_DR11,SDSS_LEGACY/LAMOST_DR11,9.926937008468776,7.6078731485970925,11.081751853553616,11.247507261248362,True,True,True,True,False,False,False,False,False,False,False,False,False,False
J151219.33+293737.0,GOLD,Dong2025_SDSS_LAMOST,turn_off,D093_NEW_VALIDATED,SDSS_LEGACY,LAMOST_DR11,SDSS_LEGACY/LAMOST_DR11,14.91480422660612,4.695437465277151,14.654835316535744,7.841444883666352,True,True,False,False,False,False,False,False,False,False,False,False,False,False
J151804.33+364747.9,GOLD,Dong2025_SDSS_LAMOST,turn_off,D093_NEW_VALIDATED,SDSS_LEGACY,LAMOST_DR11,SDSS_LEGACY/LAMOST_DR11,12.196029405456816,3.859067778261468,15.42434697974082,7.809345664942861,True,True,False,False,False,False,False,False,False,False,False,False,False,False
J152904.77+024640.4,GOLD,Dong2025_SDSS_LAMOST,turn_off,D093_NEW_VALIDATED,SDSS_LEGACY,LAMOST_DR11,SDSS_LEGACY/LAMOST_DR11,27.365271216161236,6.935648515945823,26.476055080600723,6.18187988745713,True,True,True,True,False,False,False,False,False,False,False,False,False,False
J160157.53+490207.8,GOLD,Dong2025_SDSS_LAMOST,turn_off,D093_NEW_VALIDATED,SDSS_LEGACY,LAMOST_DR11,SDSS_LEGACY/LAMOST_DR11,19.545717175107995,9.57573511607229,19.771353772672622,10.238964835283412,True,True,True,True,False,False,False,False,False,False,False,False,False,False
SDSSJ000236.25-002724.8,GOLD,Potts2021,turn_off,D091_VALIDATED,SDSS_LEGACY,SDSS_LEGACY,SDSS_LEGACY/SDSS_LEGACY,13.672298075335704,12.394275837080778,13.258331061726546,12.611728340213876,True,True,True,True,True,True,False,False,False,False,False,False,False,False
SDSSJ012648.08-083948.0,GOLD,Ruan2016,turn_off,D091_VALIDATED,SDSS_LEGACY,SDSS_LEGACY,SDSS_LEGACY/SDSS_LEGACY,15.118498007634404,18.339850909174203,19.220573113274888,22.725203573447423,True,True,True,True,True,True,True,True,False,False,False,False,False,False
SDSSJ015957.64+003310.4,GOLD,LaMassa2015,turn_off,D091_VALIDATED,SDSS_LEGACY,SDSS_LEGACY,SDSS_LEGACY/SDSS_LEGACY,14.41928587420741,12.27289409736932,12.709521333049134,14.21314345530114,False,True,True,True,True,True,False,False,False,False,False,False,False,False
SDSSJ021359.79+004226.81,GOLD,Green2022,turn_off,D091_VALIDATED,SDSS_LEGACY,SDSS_LEGACY,SDSS_LEGACY/SDSS_LEGACY,29.12606139450405,19.94088198413188,28.86903128439609,17.182879109998133,True,True,True,True,True,True,True,True,False,False,False,False,False,False
SDSSJ082942.66+415436.8,GOLD,Potts2021,turn_on,D091_VALIDATED,SDSS_LEGACY,SDSS_LEGACY,SDSS_LEGACY/SDSS_LEGACY,25.604863,26.257976,22.863797,22.24216,True,True,True,True,True,True,True,True,True,True,False,False,False,False
SDSSJ101152.98+544206.4,GOLD,Runnoe2016,turn_off,D091_VALIDATED,SDSS_LEGACY,SDSS_LEGACY,SDSS_LEGACY/SDSS_LEGACY,23.641411807977857,14.108299609346904,23.583786000993555,15.291776997996214,True,True,True,True,True,True,False,False,False,False,False,False,False,False
SDSSJ102152.34+464515.6,GOLD,MacLeod2016,turn_off,D091_VALIDATED,SDSS_LEGACY,SDSS_LEGACY,SDSS_LEGACY/SDSS_LEGACY,26.086349,13.875232,25.48715,14.628377,True,True,True,True,True,True,False,False,False,False,False,False,False,False
SDSSJ105325.40+302419.34,GOLD,Green2022,turn_on,D091_VALIDATED,SDSS_LEGACY,SDSS_LEGACY,SDSS_LEGACY/SDSS_LEGACY,12.731029,10.35431,13.159698,10.6657,True,True,True,True,True,True,False,False,False,False,False,False,False,False
SDSSJ135855.83+493414.2,GOLD,Potts2021,turn_on,D091_VALIDATED,SDSS_LEGACY,SDSS_LEGACY,SDSS_LEGACY/SDSS_LEGACY,14.314620213363352,9.601269599937815,12.285203866375484,8.073042047172182,True,True,True,True,False,False,False,False,False,False,False,False,False,False
SDSSJ233602.98+001728.7,GOLD,Ruan2016,turn_on,D091_VALIDATED,SDSS_LEGACY,SDSS_LEGACY,SDSS_LEGACY/SDSS_LEGACY,5.413369,8.93409,6.222489,9.880472,True,True,True,True,False,False,False,False,False,False,False,False,False,False
SDSSJ012256.19-000252.68,SILVER,MacLeod2016,sensitivity_event,D091_VALIDATED,SDSS_LEGACY,SDSS_LEGACY,SDSS_LEGACY/SDSS_LEGACY,14.27177,11.372296,12.972186,10.272626,True,True,True,True,True,True,False,False,False,False,False,False,False,False
SDSSJ081319.34+460849.5,SILVER,Yang2018,sensitivity_event,D091_VALIDATED,SDSS_LEGACY,SDSS_LEGACY,SDSS_LEGACY/SDSS_LEGACY,29.613148,32.415852,29.294139,32.802233,True,True,True,True,True,True,True,True,True,True,True,False,False,False
SDSSJ105058.42+241351.18,SILVER,Green2022,sensitivity_event,D091_VALIDATED,SDSS_LEGACY,SDSS_LEGACY,SDSS_LEGACY/SDSS_LEGACY,17.53553,12.054025,17.886531,13.81583,True,True,True,True,True,True,False,False,False,False,False,False,False,False
SDSSJ222132.41-010928.70,SILVER,MacLeod2016,sensitivity_event,D091_VALIDATED,SDSS_LEGACY,SDSS_LEGACY,SDSS_LEGACY/SDSS_LEGACY,21.971848,15.304189,22.408858,15.054314,True,True,True,True,True,True,True,True,False,False,False,False,False,False
