scope,arm,snr_rung,n_total,n_supported,support_fraction,d093_disposition
ALL_FINAL_GOLD,faint_only,5,58,48,0.8275862068965517,FINAL_RETAINED_PRIOR_COMPARABLE
ALL_FINAL_GOLD,faint_only,10,58,29,0.5,FINAL_RETAINED_PRIOR_COMPARABLE
ALL_FINAL_GOLD,faint_only,15,58,14,0.2413793103448276,REPORTED_NOT_PROMOTED_COMPARABILITY
ALL_FINAL_GOLD,faint_only,20,58,7,0.1206896551724138,REPORTED_NOT_PROMOTED_COMPARABILITY
ALL_FINAL_GOLD,faint_only,30,58,1,0.017241379310344827,REPORTED_NOT_PROMOTED_COMPARABILITY
ALL_FINAL_GOLD,faint_only,40,58,0,0.0,REPORTED_NOT_PROMOTED_COMPARABILITY
ALL_FINAL_GOLD,matched,5,58,47,0.8103448275862069,FINAL_RETAINED_PRIOR_COMPARABLE
ALL_FINAL_GOLD,matched,10,58,27,0.46551724137931033,FINAL_RETAINED_PRIOR_COMPARABLE
ALL_FINAL_GOLD,matched,15,58,12,0.20689655172413793,REPORTED_NOT_PROMOTED_COMPARABILITY
ALL_FINAL_GOLD,matched,20,58,7,0.1206896551724138,REPORTED_NOT_PROMOTED_COMPARABILITY
ALL_FINAL_GOLD,matched,30,58,1,0.017241379310344827,REPORTED_NOT_PROMOTED_COMPARABILITY
ALL_FINAL_GOLD,matched,40,58,0,0.0,REPORTED_NOT_PROMOTED_COMPARABILITY
YANG_APPLICABLE_FINAL_GOLD,faint_only,5,49,41,0.8367346938775511,FINAL_RETAINED_PRIOR_COMPARABLE
YANG_APPLICABLE_FINAL_GOLD,faint_only,10,49,25,0.5102040816326531,FINAL_RETAINED_PRIOR_COMPARABLE
YANG_APPLICABLE_FINAL_GOLD,faint_only,15,49,13,0.2653061224489796,REPORTED_NOT_PROMOTED_COMPARABILITY
YANG_APPLICABLE_FINAL_GOLD,faint_only,20,49,7,0.14285714285714285,REPORTED_NOT_PROMOTED_COMPARABILITY
YANG_APPLICABLE_FINAL_GOLD,faint_only,30,49,1,0.02040816326530612,REPORTED_NOT_PROMOTED_COMPARABILITY
YANG_APPLICABLE_FINAL_GOLD,faint_only,40,49,0,0.0,REPORTED_NOT_PROMOTED_COMPARABILITY
YANG_APPLICABLE_FINAL_GOLD,matched,5,49,40,0.8163265306122449,FINAL_RETAINED_PRIOR_COMPARABLE
YANG_APPLICABLE_FINAL_GOLD,matched,10,49,24,0.4897959183673469,FINAL_RETAINED_PRIOR_COMPARABLE
YANG_APPLICABLE_FINAL_GOLD,matched,15,49,12,0.24489795918367346,REPORTED_NOT_PROMOTED_COMPARABILITY
YANG_APPLICABLE_FINAL_GOLD,matched,20,49,7,0.14285714285714285,REPORTED_NOT_PROMOTED_COMPARABILITY
YANG_APPLICABLE_FINAL_GOLD,matched,30,49,1,0.02040816326530612,REPORTED_NOT_PROMOTED_COMPARABILITY
YANG_APPLICABLE_FINAL_GOLD,matched,40,49,0,0.0,REPORTED_NOT_PROMOTED_COMPARABILITY
GREEN_APPLICABLE_FINAL_GOLD,faint_only,5,54,44,0.8148148148148148,FINAL_RETAINED_PRIOR_COMPARABLE
GREEN_APPLICABLE_FINAL_GOLD,faint_only,10,54,27,0.5,FINAL_RETAINED_PRIOR_COMPARABLE
GREEN_APPLICABLE_FINAL_GOLD,faint_only,15,54,14,0.25925925925925924,REPORTED_NOT_PROMOTED_COMPARABILITY
GREEN_APPLICABLE_FINAL_GOLD,faint_only,20,54,7,0.12962962962962962,REPORTED_NOT_PROMOTED_COMPARABILITY
GREEN_APPLICABLE_FINAL_GOLD,faint_only,30,54,1,0.018518518518518517,REPORTED_NOT_PROMOTED_COMPARABILITY
GREEN_APPLICABLE_FINAL_GOLD,faint_only,40,54,0,0.0,REPORTED_NOT_PROMOTED_COMPARABILITY
GREEN_APPLICABLE_FINAL_GOLD,matched,5,54,43,0.7962962962962963,FINAL_RETAINED_PRIOR_COMPARABLE
GREEN_APPLICABLE_FINAL_GOLD,matched,10,54,25,0.46296296296296297,FINAL_RETAINED_PRIOR_COMPARABLE
GREEN_APPLICABLE_FINAL_GOLD,matched,15,54,12,0.2222222222222222,REPORTED_NOT_PROMOTED_COMPARABILITY
GREEN_APPLICABLE_FINAL_GOLD,matched,20,54,7,0.12962962962962962,REPORTED_NOT_PROMOTED_COMPARABILITY
GREEN_APPLICABLE_FINAL_GOLD,matched,30,54,1,0.018518518518518517,REPORTED_NOT_PROMOTED_COMPARABILITY
GREEN_APPLICABLE_FINAL_GOLD,matched,40,54,0,0.0,REPORTED_NOT_PROMOTED_COMPARABILITY
SOURCE_FAMILY:Dong2025_SDSS_LAMOST,faint_only,5,34,25,0.7352941176470589,FINAL_RETAINED_PRIOR_COMPARABLE
SOURCE_FAMILY:Dong2025_SDSS_LAMOST,faint_only,10,34,10,0.29411764705882354,FINAL_RETAINED_PRIOR_COMPARABLE
SOURCE_FAMILY:Dong2025_SDSS_LAMOST,faint_only,15,34,3,0.08823529411764706,REPORTED_NOT_PROMOTED_COMPARABILITY
SOURCE_FAMILY:Dong2025_SDSS_LAMOST,faint_only,20,34,2,0.058823529411764705,REPORTED_NOT_PROMOTED_COMPARABILITY
SOURCE_FAMILY:Dong2025_SDSS_LAMOST,faint_only,30,34,1,0.029411764705882353,REPORTED_NOT_PROMOTED_COMPARABILITY
SOURCE_FAMILY:Dong2025_SDSS_LAMOST,faint_only,40,34,0,0.0,REPORTED_NOT_PROMOTED_COMPARABILITY
SOURCE_FAMILY:Dong2025_SDSS_LAMOST,matched,5,34,25,0.7352941176470589,FINAL_RETAINED_PRIOR_COMPARABLE
SOURCE_FAMILY:Dong2025_SDSS_LAMOST,matched,10,34,10,0.29411764705882354,FINAL_RETAINED_PRIOR_COMPARABLE
SOURCE_FAMILY:Dong2025_SDSS_LAMOST,matched,15,34,3,0.08823529411764706,REPORTED_NOT_PROMOTED_COMPARABILITY
SOURCE_FAMILY:Dong2025_SDSS_LAMOST,matched,20,34,2,0.058823529411764705,REPORTED_NOT_PROMOTED_COMPARABILITY
SOURCE_FAMILY:Dong2025_SDSS_LAMOST,matched,30,34,1,0.029411764705882353,REPORTED_NOT_PROMOTED_COMPARABILITY
SOURCE_FAMILY:Dong2025_SDSS_LAMOST,matched,40,34,0,0.0,REPORTED_NOT_PROMOTED_COMPARABILITY
SOURCE_FAMILY:Green2022,faint_only,5,2,2,1.0,FINAL_RETAINED_PRIOR_COMPARABLE
SOURCE_FAMILY:Green2022,faint_only,10,2,2,1.0,FINAL_RETAINED_PRIOR_COMPARABLE
SOURCE_FAMILY:Green2022,faint_only,15,2,1,0.5,REPORTED_NOT_PROMOTED_COMPARABILITY
SOURCE_FAMILY:Green2022,faint_only,20,2,0,0.0,REPORTED_NOT_PROMOTED_COMPARABILITY
SOURCE_FAMILY:Green2022,faint_only,30,2,0,0.0,REPORTED_NOT_PROMOTED_COMPARABILITY
SOURCE_FAMILY:Green2022,faint_only,40,2,0,0.0,REPORTED_NOT_PROMOTED_COMPARABILITY
SOURCE_FAMILY:Green2022,matched,5,2,2,1.0,FINAL_RETAINED_PRIOR_COMPARABLE
SOURCE_FAMILY:Green2022,matched,10,2,2,1.0,FINAL_RETAINED_PRIOR_COMPARABLE
SOURCE_FAMILY:Green2022,matched,15,2,1,0.5,REPORTED_NOT_PROMOTED_COMPARABILITY
SOURCE_FAMILY:Green2022,matched,20,2,0,0.0,REPORTED_NOT_PROMOTED_COMPARABILITY
SOURCE_FAMILY:Green2022,matched,30,2,0,0.0,REPORTED_NOT_PROMOTED_COMPARABILITY
SOURCE_FAMILY:Green2022,matched,40,2,0,0.0,REPORTED_NOT_PROMOTED_COMPARABILITY
SOURCE_FAMILY:LaMassa2015,faint_only,5,1,1,1.0,FINAL_RETAINED_PRIOR_COMPARABLE
SOURCE_FAMILY:LaMassa2015,faint_only,10,1,1,1.0,FINAL_RETAINED_PRIOR_COMPARABLE
SOURCE_FAMILY:LaMassa2015,faint_only,15,1,0,0.0,REPORTED_NOT_PROMOTED_COMPARABILITY
SOURCE_FAMILY:LaMassa2015,faint_only,20,1,0,0.0,REPORTED_NOT_PROMOTED_COMPARABILITY
SOURCE_FAMILY:LaMassa2015,faint_only,30,1,0,0.0,REPORTED_NOT_PROMOTED_COMPARABILITY
SOURCE_FAMILY:LaMassa2015,faint_only,40,1,0,0.0,REPORTED_NOT_PROMOTED_COMPARABILITY
SOURCE_FAMILY:LaMassa2015,matched,5,1,1,1.0,FINAL_RETAINED_PRIOR_COMPARABLE
SOURCE_FAMILY:LaMassa2015,matched,10,1,1,1.0,FINAL_RETAINED_PRIOR_COMPARABLE
SOURCE_FAMILY:LaMassa2015,matched,15,1,0,0.0,REPORTED_NOT_PROMOTED_COMPARABILITY
SOURCE_FAMILY:LaMassa2015,matched,20,1,0,0.0,REPORTED_NOT_PROMOTED_COMPARABILITY
SOURCE_FAMILY:LaMassa2015,matched,30,1,0,0.0,REPORTED_NOT_PROMOTED_COMPARABILITY
SOURCE_FAMILY:LaMassa2015,matched,40,1,0,0.0,REPORTED_NOT_PROMOTED_COMPARABILITY
SOURCE_FAMILY:MacLeod2016,faint_only,5,1,1,1.0,FINAL_RETAINED_PRIOR_COMPARABLE
SOURCE_FAMILY:MacLeod2016,faint_only,10,1,1,1.0,FINAL_RETAINED_PRIOR_COMPARABLE
SOURCE_FAMILY:MacLeod2016,faint_only,15,1,0,0.0,REPORTED_NOT_PROMOTED_COMPARABILITY
SOURCE_FAMILY:MacLeod2016,faint_only,20,1,0,0.0,REPORTED_NOT_PROMOTED_COMPARABILITY
SOURCE_FAMILY:MacLeod2016,faint_only,30,1,0,0.0,REPORTED_NOT_PROMOTED_COMPARABILITY
SOURCE_FAMILY:MacLeod2016,faint_only,40,1,0,0.0,REPORTED_NOT_PROMOTED_COMPARABILITY
SOURCE_FAMILY:MacLeod2016,matched,5,1,1,1.0,FINAL_RETAINED_PRIOR_COMPARABLE
SOURCE_FAMILY:MacLeod2016,matched,10,1,1,1.0,FINAL_RETAINED_PRIOR_COMPARABLE
SOURCE_FAMILY:MacLeod2016,matched,15,1,0,0.0,REPORTED_NOT_PROMOTED_COMPARABILITY
SOURCE_FAMILY:MacLeod2016,matched,20,1,0,0.0,REPORTED_NOT_PROMOTED_COMPARABILITY
SOURCE_FAMILY:MacLeod2016,matched,30,1,0,0.0,REPORTED_NOT_PROMOTED_COMPARABILITY
SOURCE_FAMILY:MacLeod2016,matched,40,1,0,0.0,REPORTED_NOT_PROMOTED_COMPARABILITY
SOURCE_FAMILY:Potts2021,faint_only,5,3,3,1.0,FINAL_RETAINED_PRIOR_COMPARABLE
SOURCE_FAMILY:Potts2021,faint_only,10,3,2,0.6666666666666666,FINAL_RETAINED_PRIOR_COMPARABLE
SOURCE_FAMILY:Potts2021,faint_only,15,3,1,0.3333333333333333,REPORTED_NOT_PROMOTED_COMPARABILITY
SOURCE_FAMILY:Potts2021,faint_only,20,3,1,0.3333333333333333,REPORTED_NOT_PROMOTED_COMPARABILITY
SOURCE_FAMILY:Potts2021,faint_only,30,3,0,0.0,REPORTED_NOT_PROMOTED_COMPARABILITY
SOURCE_FAMILY:Potts2021,faint_only,40,3,0,0.0,REPORTED_NOT_PROMOTED_COMPARABILITY
SOURCE_FAMILY:Potts2021,matched,5,3,3,1.0,FINAL_RETAINED_PRIOR_COMPARABLE
SOURCE_FAMILY:Potts2021,matched,10,3,2,0.6666666666666666,FINAL_RETAINED_PRIOR_COMPARABLE
SOURCE_FAMILY:Potts2021,matched,15,3,1,0.3333333333333333,REPORTED_NOT_PROMOTED_COMPARABILITY
SOURCE_FAMILY:Potts2021,matched,20,3,1,0.3333333333333333,REPORTED_NOT_PROMOTED_COMPARABILITY
SOURCE_FAMILY:Potts2021,matched,30,3,0,0.0,REPORTED_NOT_PROMOTED_COMPARABILITY
SOURCE_FAMILY:Potts2021,matched,40,3,0,0.0,REPORTED_NOT_PROMOTED_COMPARABILITY
SOURCE_FAMILY:Ruan2016,faint_only,5,2,2,1.0,FINAL_RETAINED_PRIOR_COMPARABLE
SOURCE_FAMILY:Ruan2016,faint_only,10,2,1,0.5,FINAL_RETAINED_PRIOR_COMPARABLE
SOURCE_FAMILY:Ruan2016,faint_only,15,2,1,0.5,REPORTED_NOT_PROMOTED_COMPARABILITY
SOURCE_FAMILY:Ruan2016,faint_only,20,2,0,0.0,REPORTED_NOT_PROMOTED_COMPARABILITY
SOURCE_FAMILY:Ruan2016,faint_only,30,2,0,0.0,REPORTED_NOT_PROMOTED_COMPARABILITY
SOURCE_FAMILY:Ruan2016,faint_only,40,2,0,0.0,REPORTED_NOT_PROMOTED_COMPARABILITY
SOURCE_FAMILY:Ruan2016,matched,5,2,2,1.0,FINAL_RETAINED_PRIOR_COMPARABLE
SOURCE_FAMILY:Ruan2016,matched,10,2,1,0.5,FINAL_RETAINED_PRIOR_COMPARABLE
SOURCE_FAMILY:Ruan2016,matched,15,2,1,0.5,REPORTED_NOT_PROMOTED_COMPARABILITY
SOURCE_FAMILY:Ruan2016,matched,20,2,0,0.0,REPORTED_NOT_PROMOTED_COMPARABILITY
SOURCE_FAMILY:Ruan2016,matched,30,2,0,0.0,REPORTED_NOT_PROMOTED_COMPARABILITY
SOURCE_FAMILY:Ruan2016,matched,40,2,0,0.0,REPORTED_NOT_PROMOTED_COMPARABILITY
SOURCE_FAMILY:Runnoe2016,faint_only,5,1,1,1.0,FINAL_RETAINED_PRIOR_COMPARABLE
SOURCE_FAMILY:Runnoe2016,faint_only,10,1,1,1.0,FINAL_RETAINED_PRIOR_COMPARABLE
SOURCE_FAMILY:Runnoe2016,faint_only,15,1,0,0.0,REPORTED_NOT_PROMOTED_COMPARABILITY
SOURCE_FAMILY:Runnoe2016,faint_only,20,1,0,0.0,REPORTED_NOT_PROMOTED_COMPARABILITY
SOURCE_FAMILY:Runnoe2016,faint_only,30,1,0,0.0,REPORTED_NOT_PROMOTED_COMPARABILITY
SOURCE_FAMILY:Runnoe2016,faint_only,40,1,0,0.0,REPORTED_NOT_PROMOTED_COMPARABILITY
SOURCE_FAMILY:Runnoe2016,matched,5,1,1,1.0,FINAL_RETAINED_PRIOR_COMPARABLE
SOURCE_FAMILY:Runnoe2016,matched,10,1,1,1.0,FINAL_RETAINED_PRIOR_COMPARABLE
SOURCE_FAMILY:Runnoe2016,matched,15,1,0,0.0,REPORTED_NOT_PROMOTED_COMPARABILITY
SOURCE_FAMILY:Runnoe2016,matched,20,1,0,0.0,REPORTED_NOT_PROMOTED_COMPARABILITY
SOURCE_FAMILY:Runnoe2016,matched,30,1,0,0.0,REPORTED_NOT_PROMOTED_COMPARABILITY
SOURCE_FAMILY:Runnoe2016,matched,40,1,0,0.0,REPORTED_NOT_PROMOTED_COMPARABILITY
SOURCE_FAMILY:Yang2025_turn_on,faint_only,5,5,5,1.0,FINAL_RETAINED_PRIOR_COMPARABLE
SOURCE_FAMILY:Yang2025_turn_on,faint_only,10,5,4,0.8,FINAL_RETAINED_PRIOR_COMPARABLE
SOURCE_FAMILY:Yang2025_turn_on,faint_only,15,5,3,0.6,REPORTED_NOT_PROMOTED_COMPARABILITY
SOURCE_FAMILY:Yang2025_turn_on,faint_only,20,5,1,0.2,REPORTED_NOT_PROMOTED_COMPARABILITY
SOURCE_FAMILY:Yang2025_turn_on,faint_only,30,5,0,0.0,REPORTED_NOT_PROMOTED_COMPARABILITY
SOURCE_FAMILY:Yang2025_turn_on,faint_only,40,5,0,0.0,REPORTED_NOT_PROMOTED_COMPARABILITY
SOURCE_FAMILY:Yang2025_turn_on,matched,5,5,4,0.8,FINAL_RETAINED_PRIOR_COMPARABLE
SOURCE_FAMILY:Yang2025_turn_on,matched,10,5,3,0.6,FINAL_RETAINED_PRIOR_COMPARABLE
SOURCE_FAMILY:Yang2025_turn_on,matched,15,5,1,0.2,REPORTED_NOT_PROMOTED_COMPARABILITY
SOURCE_FAMILY:Yang2025_turn_on,matched,20,5,1,0.2,REPORTED_NOT_PROMOTED_COMPARABILITY
SOURCE_FAMILY:Yang2025_turn_on,matched,30,5,0,0.0,REPORTED_NOT_PROMOTED_COMPARABILITY
SOURCE_FAMILY:Yang2025_turn_on,matched,40,5,0,0.0,REPORTED_NOT_PROMOTED_COMPARABILITY
SOURCE_FAMILY:Zeltyn2024_SDSSV,faint_only,5,9,8,0.8888888888888888,FINAL_RETAINED_PRIOR_COMPARABLE
SOURCE_FAMILY:Zeltyn2024_SDSSV,faint_only,10,9,7,0.7777777777777778,FINAL_RETAINED_PRIOR_COMPARABLE
SOURCE_FAMILY:Zeltyn2024_SDSSV,faint_only,15,9,5,0.5555555555555556,REPORTED_NOT_PROMOTED_COMPARABILITY
SOURCE_FAMILY:Zeltyn2024_SDSSV,faint_only,20,9,3,0.3333333333333333,REPORTED_NOT_PROMOTED_COMPARABILITY
SOURCE_FAMILY:Zeltyn2024_SDSSV,faint_only,30,9,0,0.0,REPORTED_NOT_PROMOTED_COMPARABILITY
SOURCE_FAMILY:Zeltyn2024_SDSSV,faint_only,40,9,0,0.0,REPORTED_NOT_PROMOTED_COMPARABILITY
SOURCE_FAMILY:Zeltyn2024_SDSSV,matched,5,9,8,0.8888888888888888,FINAL_RETAINED_PRIOR_COMPARABLE
SOURCE_FAMILY:Zeltyn2024_SDSSV,matched,10,9,6,0.6666666666666666,FINAL_RETAINED_PRIOR_COMPARABLE
SOURCE_FAMILY:Zeltyn2024_SDSSV,matched,15,9,5,0.5555555555555556,REPORTED_NOT_PROMOTED_COMPARABILITY
SOURCE_FAMILY:Zeltyn2024_SDSSV,matched,20,9,3,0.3333333333333333,REPORTED_NOT_PROMOTED_COMPARABILITY
SOURCE_FAMILY:Zeltyn2024_SDSSV,matched,30,9,0,0.0,REPORTED_NOT_PROMOTED_COMPARABILITY
SOURCE_FAMILY:Zeltyn2024_SDSSV,matched,40,9,0,0.0,REPORTED_NOT_PROMOTED_COMPARABILITY
