transition_id,reference_tier,source_family,arm,snr_rung,criterion,applicability,denominator_semantics,discovery_independent_sensitivity_included,unclassifiable_by_design
J075934.95+322143.3,GOLD,Zeltyn2024_SDSSV,faint_only,5,YANG2024_FINAL,APPLICABLE_FAIL_CLOSED_PER_REALIZATION,FINAL_CLASSIFIER_DENOMINATOR_IF_CLASSIFIABLE,True,False
J075934.95+322143.3,GOLD,Zeltyn2024_SDSSV,faint_only,5,GREEN2022_FINAL,APPLICABLE_SUPPORTED_VARIANCE,FINAL_CLASSIFIER_DENOMINATOR_IF_CLASSIFIABLE,True,False
J075934.95+322143.3,GOLD,Zeltyn2024_SDSSV,faint_only,5,MACLEOD2019_FINAL,UNCLASSIFIABLE_NO_PROSPECTIVE_VISUAL_EVIDENCE,FINAL_CLASSIFIER_ROW_NON_DENOMINATOR_WHEN_UNCLASSIFIABLE,True,True
J075934.95+322143.3,GOLD,Zeltyn2024_SDSSV,faint_only,10,YANG2024_FINAL,APPLICABLE_FAIL_CLOSED_PER_REALIZATION,FINAL_CLASSIFIER_DENOMINATOR_IF_CLASSIFIABLE,True,False
J075934.95+322143.3,GOLD,Zeltyn2024_SDSSV,faint_only,10,GREEN2022_FINAL,APPLICABLE_SUPPORTED_VARIANCE,FINAL_CLASSIFIER_DENOMINATOR_IF_CLASSIFIABLE,True,False
J075934.95+322143.3,GOLD,Zeltyn2024_SDSSV,faint_only,10,MACLEOD2019_FINAL,UNCLASSIFIABLE_NO_PROSPECTIVE_VISUAL_EVIDENCE,FINAL_CLASSIFIER_ROW_NON_DENOMINATOR_WHEN_UNCLASSIFIABLE,True,True
J075934.95+322143.3,GOLD,Zeltyn2024_SDSSV,matched,5,YANG2024_FINAL,APPLICABLE_FAIL_CLOSED_PER_REALIZATION,FINAL_CLASSIFIER_DENOMINATOR_IF_CLASSIFIABLE,True,False
J075934.95+322143.3,GOLD,Zeltyn2024_SDSSV,matched,5,GREEN2022_FINAL,APPLICABLE_SUPPORTED_VARIANCE,FINAL_CLASSIFIER_DENOMINATOR_IF_CLASSIFIABLE,True,False
J075934.95+322143.3,GOLD,Zeltyn2024_SDSSV,matched,5,MACLEOD2019_FINAL,UNCLASSIFIABLE_NO_PROSPECTIVE_VISUAL_EVIDENCE,FINAL_CLASSIFIER_ROW_NON_DENOMINATOR_WHEN_UNCLASSIFIABLE,True,True
J075934.95+322143.3,GOLD,Zeltyn2024_SDSSV,matched,10,YANG2024_FINAL,APPLICABLE_FAIL_CLOSED_PER_REALIZATION,FINAL_CLASSIFIER_DENOMINATOR_IF_CLASSIFIABLE,True,False
J075934.95+322143.3,GOLD,Zeltyn2024_SDSSV,matched,10,GREEN2022_FINAL,APPLICABLE_SUPPORTED_VARIANCE,FINAL_CLASSIFIER_DENOMINATOR_IF_CLASSIFIABLE,True,False
J075934.95+322143.3,GOLD,Zeltyn2024_SDSSV,matched,10,MACLEOD2019_FINAL,UNCLASSIFIABLE_NO_PROSPECTIVE_VISUAL_EVIDENCE,FINAL_CLASSIFIER_ROW_NON_DENOMINATOR_WHEN_UNCLASSIFIABLE,True,True
J080133.29+341737.6,GOLD,Zeltyn2024_SDSSV,faint_only,5,YANG2024_FINAL,APPLICABLE_FAIL_CLOSED_PER_REALIZATION,FINAL_CLASSIFIER_DENOMINATOR_IF_CLASSIFIABLE,True,False
J080133.29+341737.6,GOLD,Zeltyn2024_SDSSV,faint_only,5,GREEN2022_FINAL,APPLICABLE_SUPPORTED_VARIANCE,FINAL_CLASSIFIER_DENOMINATOR_IF_CLASSIFIABLE,True,False
J080133.29+341737.6,GOLD,Zeltyn2024_SDSSV,faint_only,5,MACLEOD2019_FINAL,UNCLASSIFIABLE_NO_PROSPECTIVE_VISUAL_EVIDENCE,FINAL_CLASSIFIER_ROW_NON_DENOMINATOR_WHEN_UNCLASSIFIABLE,True,True
J080133.29+341737.6,GOLD,Zeltyn2024_SDSSV,faint_only,10,YANG2024_FINAL,APPLICABLE_FAIL_CLOSED_PER_REALIZATION,FINAL_CLASSIFIER_DENOMINATOR_IF_CLASSIFIABLE,True,False
J080133.29+341737.6,GOLD,Zeltyn2024_SDSSV,faint_only,10,GREEN2022_FINAL,APPLICABLE_SUPPORTED_VARIANCE,FINAL_CLASSIFIER_DENOMINATOR_IF_CLASSIFIABLE,True,False
J080133.29+341737.6,GOLD,Zeltyn2024_SDSSV,faint_only,10,MACLEOD2019_FINAL,UNCLASSIFIABLE_NO_PROSPECTIVE_VISUAL_EVIDENCE,FINAL_CLASSIFIER_ROW_NON_DENOMINATOR_WHEN_UNCLASSIFIABLE,True,True
J080133.29+341737.6,GOLD,Zeltyn2024_SDSSV,matched,5,YANG2024_FINAL,APPLICABLE_FAIL_CLOSED_PER_REALIZATION,FINAL_CLASSIFIER_DENOMINATOR_IF_CLASSIFIABLE,True,False
J080133.29+341737.6,GOLD,Zeltyn2024_SDSSV,matched,5,GREEN2022_FINAL,APPLICABLE_SUPPORTED_VARIANCE,FINAL_CLASSIFIER_DENOMINATOR_IF_CLASSIFIABLE,True,False
J080133.29+341737.6,GOLD,Zeltyn2024_SDSSV,matched,5,MACLEOD2019_FINAL,UNCLASSIFIABLE_NO_PROSPECTIVE_VISUAL_EVIDENCE,FINAL_CLASSIFIER_ROW_NON_DENOMINATOR_WHEN_UNCLASSIFIABLE,True,True
J080133.29+341737.6,GOLD,Zeltyn2024_SDSSV,matched,10,YANG2024_FINAL,APPLICABLE_FAIL_CLOSED_PER_REALIZATION,FINAL_CLASSIFIER_DENOMINATOR_IF_CLASSIFIABLE,True,False
J080133.29+341737.6,GOLD,Zeltyn2024_SDSSV,matched,10,GREEN2022_FINAL,APPLICABLE_SUPPORTED_VARIANCE,FINAL_CLASSIFIER_DENOMINATOR_IF_CLASSIFIABLE,True,False
J080133.29+341737.6,GOLD,Zeltyn2024_SDSSV,matched,10,MACLEOD2019_FINAL,UNCLASSIFIABLE_NO_PROSPECTIVE_VISUAL_EVIDENCE,FINAL_CLASSIFIER_ROW_NON_DENOMINATOR_WHEN_UNCLASSIFIABLE,True,True
J080711.72+194439.7,GOLD,Zeltyn2024_SDSSV,faint_only,5,YANG2024_FINAL,APPLICABLE_FAIL_CLOSED_PER_REALIZATION,FINAL_CLASSIFIER_DENOMINATOR_IF_CLASSIFIABLE,True,False
J080711.72+194439.7,GOLD,Zeltyn2024_SDSSV,faint_only,5,GREEN2022_FINAL,APPLICABLE_SUPPORTED_VARIANCE,FINAL_CLASSIFIER_DENOMINATOR_IF_CLASSIFIABLE,True,False
J080711.72+194439.7,GOLD,Zeltyn2024_SDSSV,faint_only,5,MACLEOD2019_FINAL,UNCLASSIFIABLE_NO_PROSPECTIVE_VISUAL_EVIDENCE,FINAL_CLASSIFIER_ROW_NON_DENOMINATOR_WHEN_UNCLASSIFIABLE,True,True
J080711.72+194439.7,GOLD,Zeltyn2024_SDSSV,faint_only,10,YANG2024_FINAL,APPLICABLE_FAIL_CLOSED_PER_REALIZATION,FINAL_CLASSIFIER_DENOMINATOR_IF_CLASSIFIABLE,True,False
J080711.72+194439.7,GOLD,Zeltyn2024_SDSSV,faint_only,10,GREEN2022_FINAL,APPLICABLE_SUPPORTED_VARIANCE,FINAL_CLASSIFIER_DENOMINATOR_IF_CLASSIFIABLE,True,False
J080711.72+194439.7,GOLD,Zeltyn2024_SDSSV,faint_only,10,MACLEOD2019_FINAL,UNCLASSIFIABLE_NO_PROSPECTIVE_VISUAL_EVIDENCE,FINAL_CLASSIFIER_ROW_NON_DENOMINATOR_WHEN_UNCLASSIFIABLE,True,True
J080711.72+194439.7,GOLD,Zeltyn2024_SDSSV,matched,5,YANG2024_FINAL,APPLICABLE_FAIL_CLOSED_PER_REALIZATION,FINAL_CLASSIFIER_DENOMINATOR_IF_CLASSIFIABLE,True,False
J080711.72+194439.7,GOLD,Zeltyn2024_SDSSV,matched,5,GREEN2022_FINAL,APPLICABLE_SUPPORTED_VARIANCE,FINAL_CLASSIFIER_DENOMINATOR_IF_CLASSIFIABLE,True,False
J080711.72+194439.7,GOLD,Zeltyn2024_SDSSV,matched,5,MACLEOD2019_FINAL,UNCLASSIFIABLE_NO_PROSPECTIVE_VISUAL_EVIDENCE,FINAL_CLASSIFIER_ROW_NON_DENOMINATOR_WHEN_UNCLASSIFIABLE,True,True
J080711.72+194439.7,GOLD,Zeltyn2024_SDSSV,matched,10,YANG2024_FINAL,APPLICABLE_FAIL_CLOSED_PER_REALIZATION,FINAL_CLASSIFIER_DENOMINATOR_IF_CLASSIFIABLE,True,False
J080711.72+194439.7,GOLD,Zeltyn2024_SDSSV,matched,10,GREEN2022_FINAL,APPLICABLE_SUPPORTED_VARIANCE,FINAL_CLASSIFIER_DENOMINATOR_IF_CLASSIFIABLE,True,False
J080711.72+194439.7,GOLD,Zeltyn2024_SDSSV,matched,10,MACLEOD2019_FINAL,UNCLASSIFIABLE_NO_PROSPECTIVE_VISUAL_EVIDENCE,FINAL_CLASSIFIER_ROW_NON_DENOMINATOR_WHEN_UNCLASSIFIABLE,True,True
J083716.47+035606.1,GOLD,Zeltyn2024_SDSSV,faint_only,5,YANG2024_FINAL,APPLICABLE_FAIL_CLOSED_PER_REALIZATION,FINAL_CLASSIFIER_DENOMINATOR_IF_CLASSIFIABLE,True,False
J083716.47+035606.1,GOLD,Zeltyn2024_SDSSV,faint_only,5,GREEN2022_FINAL,APPLICABLE_SUPPORTED_VARIANCE,FINAL_CLASSIFIER_DENOMINATOR_IF_CLASSIFIABLE,True,False
J083716.47+035606.1,GOLD,Zeltyn2024_SDSSV,faint_only,5,MACLEOD2019_FINAL,UNCLASSIFIABLE_NO_PROSPECTIVE_VISUAL_EVIDENCE,FINAL_CLASSIFIER_ROW_NON_DENOMINATOR_WHEN_UNCLASSIFIABLE,True,True
J083716.47+035606.1,GOLD,Zeltyn2024_SDSSV,faint_only,10,YANG2024_FINAL,APPLICABLE_FAIL_CLOSED_PER_REALIZATION,FINAL_CLASSIFIER_DENOMINATOR_IF_CLASSIFIABLE,True,False
J083716.47+035606.1,GOLD,Zeltyn2024_SDSSV,faint_only,10,GREEN2022_FINAL,APPLICABLE_SUPPORTED_VARIANCE,FINAL_CLASSIFIER_DENOMINATOR_IF_CLASSIFIABLE,True,False
J083716.47+035606.1,GOLD,Zeltyn2024_SDSSV,faint_only,10,MACLEOD2019_FINAL,UNCLASSIFIABLE_NO_PROSPECTIVE_VISUAL_EVIDENCE,FINAL_CLASSIFIER_ROW_NON_DENOMINATOR_WHEN_UNCLASSIFIABLE,True,True
J083716.47+035606.1,GOLD,Zeltyn2024_SDSSV,matched,5,YANG2024_FINAL,APPLICABLE_FAIL_CLOSED_PER_REALIZATION,FINAL_CLASSIFIER_DENOMINATOR_IF_CLASSIFIABLE,True,False
J083716.47+035606.1,GOLD,Zeltyn2024_SDSSV,matched,5,GREEN2022_FINAL,APPLICABLE_SUPPORTED_VARIANCE,FINAL_CLASSIFIER_DENOMINATOR_IF_CLASSIFIABLE,True,False
J083716.47+035606.1,GOLD,Zeltyn2024_SDSSV,matched,5,MACLEOD2019_FINAL,UNCLASSIFIABLE_NO_PROSPECTIVE_VISUAL_EVIDENCE,FINAL_CLASSIFIER_ROW_NON_DENOMINATOR_WHEN_UNCLASSIFIABLE,True,True
J083716.47+035606.1,GOLD,Zeltyn2024_SDSSV,matched,10,YANG2024_FINAL,APPLICABLE_FAIL_CLOSED_PER_REALIZATION,FINAL_CLASSIFIER_DENOMINATOR_IF_CLASSIFIABLE,True,False
J083716.47+035606.1,GOLD,Zeltyn2024_SDSSV,matched,10,GREEN2022_FINAL,APPLICABLE_SUPPORTED_VARIANCE,FINAL_CLASSIFIER_DENOMINATOR_IF_CLASSIFIABLE,True,False
J083716.47+035606.1,GOLD,Zeltyn2024_SDSSV,matched,10,MACLEOD2019_FINAL,UNCLASSIFIABLE_NO_PROSPECTIVE_VISUAL_EVIDENCE,FINAL_CLASSIFIER_ROW_NON_DENOMINATOR_WHEN_UNCLASSIFIABLE,True,True
J083826.50+371906.7,GOLD,Dong2025_SDSS_LAMOST,faint_only,5,YANG2024_FINAL,UNCLASSIFIABLE_INSTRUMENT_DOMAIN,FINAL_CLASSIFIER_DENOMINATOR_IF_CLASSIFIABLE,True,True
J083826.50+371906.7,GOLD,Dong2025_SDSS_LAMOST,faint_only,5,GREEN2022_FINAL,UNCLASSIFIABLE_INSTRUMENT_DOMAIN,FINAL_CLASSIFIER_DENOMINATOR_IF_CLASSIFIABLE,True,True
J083826.50+371906.7,GOLD,Dong2025_SDSS_LAMOST,faint_only,5,MACLEOD2019_FINAL,UNCLASSIFIABLE_NO_PROSPECTIVE_VISUAL_EVIDENCE,FINAL_CLASSIFIER_ROW_NON_DENOMINATOR_WHEN_UNCLASSIFIABLE,True,True
J083826.50+371906.7,GOLD,Dong2025_SDSS_LAMOST,matched,5,YANG2024_FINAL,UNCLASSIFIABLE_INSTRUMENT_DOMAIN,FINAL_CLASSIFIER_DENOMINATOR_IF_CLASSIFIABLE,True,True
J083826.50+371906.7,GOLD,Dong2025_SDSS_LAMOST,matched,5,GREEN2022_FINAL,UNCLASSIFIABLE_INSTRUMENT_DOMAIN,FINAL_CLASSIFIER_DENOMINATOR_IF_CLASSIFIABLE,True,True
J083826.50+371906.7,GOLD,Dong2025_SDSS_LAMOST,matched,5,MACLEOD2019_FINAL,UNCLASSIFIABLE_NO_PROSPECTIVE_VISUAL_EVIDENCE,FINAL_CLASSIFIER_ROW_NON_DENOMINATOR_WHEN_UNCLASSIFIABLE,True,True
J084016.42+220624.6,GOLD,Dong2025_SDSS_LAMOST,faint_only,5,YANG2024_FINAL,UNCLASSIFIABLE_INSTRUMENT_DOMAIN,FINAL_CLASSIFIER_DENOMINATOR_IF_CLASSIFIABLE,True,True
J084016.42+220624.6,GOLD,Dong2025_SDSS_LAMOST,faint_only,5,GREEN2022_FINAL,APPLICABLE_SUPPORTED_VARIANCE,FINAL_CLASSIFIER_DENOMINATOR_IF_CLASSIFIABLE,True,False
J084016.42+220624.6,GOLD,Dong2025_SDSS_LAMOST,faint_only,5,MACLEOD2019_FINAL,UNCLASSIFIABLE_NO_PROSPECTIVE_VISUAL_EVIDENCE,FINAL_CLASSIFIER_ROW_NON_DENOMINATOR_WHEN_UNCLASSIFIABLE,True,True
J084016.42+220624.6,GOLD,Dong2025_SDSS_LAMOST,matched,5,YANG2024_FINAL,UNCLASSIFIABLE_INSTRUMENT_DOMAIN,FINAL_CLASSIFIER_DENOMINATOR_IF_CLASSIFIABLE,True,True
J084016.42+220624.6,GOLD,Dong2025_SDSS_LAMOST,matched,5,GREEN2022_FINAL,APPLICABLE_SUPPORTED_VARIANCE,FINAL_CLASSIFIER_DENOMINATOR_IF_CLASSIFIABLE,True,False
J084016.42+220624.6,GOLD,Dong2025_SDSS_LAMOST,matched,5,MACLEOD2019_FINAL,UNCLASSIFIABLE_NO_PROSPECTIVE_VISUAL_EVIDENCE,FINAL_CLASSIFIER_ROW_NON_DENOMINATOR_WHEN_UNCLASSIFIABLE,True,True
J085512.13+032950.6,GOLD,Zeltyn2024_SDSSV,faint_only,5,YANG2024_FINAL,APPLICABLE_FAIL_CLOSED_PER_REALIZATION,FINAL_CLASSIFIER_DENOMINATOR_IF_CLASSIFIABLE,True,False
J085512.13+032950.6,GOLD,Zeltyn2024_SDSSV,faint_only,5,GREEN2022_FINAL,APPLICABLE_SUPPORTED_VARIANCE,FINAL_CLASSIFIER_DENOMINATOR_IF_CLASSIFIABLE,True,False
J085512.13+032950.6,GOLD,Zeltyn2024_SDSSV,faint_only,5,MACLEOD2019_FINAL,UNCLASSIFIABLE_NO_PROSPECTIVE_VISUAL_EVIDENCE,FINAL_CLASSIFIER_ROW_NON_DENOMINATOR_WHEN_UNCLASSIFIABLE,True,True
J085512.13+032950.6,GOLD,Zeltyn2024_SDSSV,faint_only,10,YANG2024_FINAL,APPLICABLE_FAIL_CLOSED_PER_REALIZATION,FINAL_CLASSIFIER_DENOMINATOR_IF_CLASSIFIABLE,True,False
J085512.13+032950.6,GOLD,Zeltyn2024_SDSSV,faint_only,10,GREEN2022_FINAL,APPLICABLE_SUPPORTED_VARIANCE,FINAL_CLASSIFIER_DENOMINATOR_IF_CLASSIFIABLE,True,False
J085512.13+032950.6,GOLD,Zeltyn2024_SDSSV,faint_only,10,MACLEOD2019_FINAL,UNCLASSIFIABLE_NO_PROSPECTIVE_VISUAL_EVIDENCE,FINAL_CLASSIFIER_ROW_NON_DENOMINATOR_WHEN_UNCLASSIFIABLE,True,True
J085512.13+032950.6,GOLD,Zeltyn2024_SDSSV,matched,5,YANG2024_FINAL,APPLICABLE_FAIL_CLOSED_PER_REALIZATION,FINAL_CLASSIFIER_DENOMINATOR_IF_CLASSIFIABLE,True,False
J085512.13+032950.6,GOLD,Zeltyn2024_SDSSV,matched,5,GREEN2022_FINAL,APPLICABLE_SUPPORTED_VARIANCE,FINAL_CLASSIFIER_DENOMINATOR_IF_CLASSIFIABLE,True,False
J085512.13+032950.6,GOLD,Zeltyn2024_SDSSV,matched,5,MACLEOD2019_FINAL,UNCLASSIFIABLE_NO_PROSPECTIVE_VISUAL_EVIDENCE,FINAL_CLASSIFIER_ROW_NON_DENOMINATOR_WHEN_UNCLASSIFIABLE,True,True
J085512.13+032950.6,GOLD,Zeltyn2024_SDSSV,matched,10,YANG2024_FINAL,APPLICABLE_FAIL_CLOSED_PER_REALIZATION,FINAL_CLASSIFIER_DENOMINATOR_IF_CLASSIFIABLE,True,False
J085512.13+032950.6,GOLD,Zeltyn2024_SDSSV,matched,10,GREEN2022_FINAL,APPLICABLE_SUPPORTED_VARIANCE,FINAL_CLASSIFIER_DENOMINATOR_IF_CLASSIFIABLE,True,False
J085512.13+032950.6,GOLD,Zeltyn2024_SDSSV,matched,10,MACLEOD2019_FINAL,UNCLASSIFIABLE_NO_PROSPECTIVE_VISUAL_EVIDENCE,FINAL_CLASSIFIER_ROW_NON_DENOMINATOR_WHEN_UNCLASSIFIABLE,True,True
J095536.70+103752.4,GOLD,Dong2025_SDSS_LAMOST,faint_only,5,YANG2024_FINAL,APPLICABLE_FAIL_CLOSED_PER_REALIZATION,FINAL_CLASSIFIER_DENOMINATOR_IF_CLASSIFIABLE,True,False
J095536.70+103752.4,GOLD,Dong2025_SDSS_LAMOST,faint_only,5,GREEN2022_FINAL,APPLICABLE_SUPPORTED_VARIANCE,FINAL_CLASSIFIER_DENOMINATOR_IF_CLASSIFIABLE,True,False
J095536.70+103752.4,GOLD,Dong2025_SDSS_LAMOST,faint_only,5,MACLEOD2019_FINAL,UNCLASSIFIABLE_NO_PROSPECTIVE_VISUAL_EVIDENCE,FINAL_CLASSIFIER_ROW_NON_DENOMINATOR_WHEN_UNCLASSIFIABLE,True,True
J095536.70+103752.4,GOLD,Dong2025_SDSS_LAMOST,matched,5,YANG2024_FINAL,APPLICABLE_FAIL_CLOSED_PER_REALIZATION,FINAL_CLASSIFIER_DENOMINATOR_IF_CLASSIFIABLE,True,False
J095536.70+103752.4,GOLD,Dong2025_SDSS_LAMOST,matched,5,GREEN2022_FINAL,APPLICABLE_SUPPORTED_VARIANCE,FINAL_CLASSIFIER_DENOMINATOR_IF_CLASSIFIABLE,True,False
J095536.70+103752.4,GOLD,Dong2025_SDSS_LAMOST,matched,5,MACLEOD2019_FINAL,UNCLASSIFIABLE_NO_PROSPECTIVE_VISUAL_EVIDENCE,FINAL_CLASSIFIER_ROW_NON_DENOMINATOR_WHEN_UNCLASSIFIABLE,True,True
J1000+0354,GOLD,Yang2025_turn_on,faint_only,5,YANG2024_FINAL,APPLICABLE_FAIL_CLOSED_PER_REALIZATION,FINAL_CLASSIFIER_DENOMINATOR_IF_CLASSIFIABLE,True,False
J1000+0354,GOLD,Yang2025_turn_on,faint_only,5,GREEN2022_FINAL,APPLICABLE_SUPPORTED_VARIANCE,FINAL_CLASSIFIER_DENOMINATOR_IF_CLASSIFIABLE,True,False
J1000+0354,GOLD,Yang2025_turn_on,faint_only,5,MACLEOD2019_FINAL,UNCLASSIFIABLE_NO_PROSPECTIVE_VISUAL_EVIDENCE,FINAL_CLASSIFIER_ROW_NON_DENOMINATOR_WHEN_UNCLASSIFIABLE,True,True
J1003+0202,GOLD,Yang2025_turn_on,faint_only,5,YANG2024_FINAL,APPLICABLE_FAIL_CLOSED_PER_REALIZATION,FINAL_CLASSIFIER_DENOMINATOR_IF_CLASSIFIABLE,True,False
J1003+0202,GOLD,Yang2025_turn_on,faint_only,5,GREEN2022_FINAL,APPLICABLE_SUPPORTED_VARIANCE,FINAL_CLASSIFIER_DENOMINATOR_IF_CLASSIFIABLE,True,False
J1003+0202,GOLD,Yang2025_turn_on,faint_only,5,MACLEOD2019_FINAL,UNCLASSIFIABLE_NO_PROSPECTIVE_VISUAL_EVIDENCE,FINAL_CLASSIFIER_ROW_NON_DENOMINATOR_WHEN_UNCLASSIFIABLE,True,True
J1003+0202,GOLD,Yang2025_turn_on,faint_only,10,YANG2024_FINAL,APPLICABLE_FAIL_CLOSED_PER_REALIZATION,FINAL_CLASSIFIER_DENOMINATOR_IF_CLASSIFIABLE,True,False
J1003+0202,GOLD,Yang2025_turn_on,faint_only,10,GREEN2022_FINAL,APPLICABLE_SUPPORTED_VARIANCE,FINAL_CLASSIFIER_DENOMINATOR_IF_CLASSIFIABLE,True,False
J1003+0202,GOLD,Yang2025_turn_on,faint_only,10,MACLEOD2019_FINAL,UNCLASSIFIABLE_NO_PROSPECTIVE_VISUAL_EVIDENCE,FINAL_CLASSIFIER_ROW_NON_DENOMINATOR_WHEN_UNCLASSIFIABLE,True,True
J1003+0202,GOLD,Yang2025_turn_on,matched,5,YANG2024_FINAL,APPLICABLE_FAIL_CLOSED_PER_REALIZATION,FINAL_CLASSIFIER_DENOMINATOR_IF_CLASSIFIABLE,True,False
J1003+0202,GOLD,Yang2025_turn_on,matched,5,GREEN2022_FINAL,APPLICABLE_SUPPORTED_VARIANCE,FINAL_CLASSIFIER_DENOMINATOR_IF_CLASSIFIABLE,True,False
J1003+0202,GOLD,Yang2025_turn_on,matched,5,MACLEOD2019_FINAL,UNCLASSIFIABLE_NO_PROSPECTIVE_VISUAL_EVIDENCE,FINAL_CLASSIFIER_ROW_NON_DENOMINATOR_WHEN_UNCLASSIFIABLE,True,True
J1003+0202,GOLD,Yang2025_turn_on,matched,10,YANG2024_FINAL,APPLICABLE_FAIL_CLOSED_PER_REALIZATION,FINAL_CLASSIFIER_DENOMINATOR_IF_CLASSIFIABLE,True,False
J1003+0202,GOLD,Yang2025_turn_on,matched,10,GREEN2022_FINAL,APPLICABLE_SUPPORTED_VARIANCE,FINAL_CLASSIFIER_DENOMINATOR_IF_CLASSIFIABLE,True,False
J1003+0202,GOLD,Yang2025_turn_on,matched,10,MACLEOD2019_FINAL,UNCLASSIFIABLE_NO_PROSPECTIVE_VISUAL_EVIDENCE,FINAL_CLASSIFIER_ROW_NON_DENOMINATOR_WHEN_UNCLASSIFIABLE,True,True
J1003+0458,GOLD,Yang2025_turn_on,faint_only,5,YANG2024_FINAL,UNCLASSIFIABLE_INSTRUMENT_DOMAIN,FINAL_CLASSIFIER_DENOMINATOR_IF_CLASSIFIABLE,True,True
J1003+0458,GOLD,Yang2025_turn_on,faint_only,5,GREEN2022_FINAL,APPLICABLE_SUPPORTED_VARIANCE,FINAL_CLASSIFIER_DENOMINATOR_IF_CLASSIFIABLE,True,False
J1003+0458,GOLD,Yang2025_turn_on,faint_only,5,MACLEOD2019_FINAL,UNCLASSIFIABLE_NO_PROSPECTIVE_VISUAL_EVIDENCE,FINAL_CLASSIFIER_ROW_NON_DENOMINATOR_WHEN_UNCLASSIFIABLE,True,True
J1003+0458,GOLD,Yang2025_turn_on,faint_only,10,YANG2024_FINAL,UNCLASSIFIABLE_INSTRUMENT_DOMAIN,FINAL_CLASSIFIER_DENOMINATOR_IF_CLASSIFIABLE,True,True
J1003+0458,GOLD,Yang2025_turn_on,faint_only,10,GREEN2022_FINAL,APPLICABLE_SUPPORTED_VARIANCE,FINAL_CLASSIFIER_DENOMINATOR_IF_CLASSIFIABLE,True,False
J1003+0458,GOLD,Yang2025_turn_on,faint_only,10,MACLEOD2019_FINAL,UNCLASSIFIABLE_NO_PROSPECTIVE_VISUAL_EVIDENCE,FINAL_CLASSIFIER_ROW_NON_DENOMINATOR_WHEN_UNCLASSIFIABLE,True,True
J1003+0458,GOLD,Yang2025_turn_on,matched,5,YANG2024_FINAL,UNCLASSIFIABLE_INSTRUMENT_DOMAIN,FINAL_CLASSIFIER_DENOMINATOR_IF_CLASSIFIABLE,True,True
J1003+0458,GOLD,Yang2025_turn_on,matched,5,GREEN2022_FINAL,APPLICABLE_SUPPORTED_VARIANCE,FINAL_CLASSIFIER_DENOMINATOR_IF_CLASSIFIABLE,True,False
J1003+0458,GOLD,Yang2025_turn_on,matched,5,MACLEOD2019_FINAL,UNCLASSIFIABLE_NO_PROSPECTIVE_VISUAL_EVIDENCE,FINAL_CLASSIFIER_ROW_NON_DENOMINATOR_WHEN_UNCLASSIFIABLE,True,True
J1009+3539,GOLD,Yang2025_turn_on,faint_only,5,YANG2024_FINAL,APPLICABLE_FAIL_CLOSED_PER_REALIZATION,FINAL_CLASSIFIER_DENOMINATOR_IF_CLASSIFIABLE,True,False
J1009+3539,GOLD,Yang2025_turn_on,faint_only,5,GREEN2022_FINAL,APPLICABLE_SUPPORTED_VARIANCE,FINAL_CLASSIFIER_DENOMINATOR_IF_CLASSIFIABLE,True,False
J1009+3539,GOLD,Yang2025_turn_on,faint_only,5,MACLEOD2019_FINAL,UNCLASSIFIABLE_NO_PROSPECTIVE_VISUAL_EVIDENCE,FINAL_CLASSIFIER_ROW_NON_DENOMINATOR_WHEN_UNCLASSIFIABLE,True,True
J1009+3539,GOLD,Yang2025_turn_on,faint_only,10,YANG2024_FINAL,APPLICABLE_FAIL_CLOSED_PER_REALIZATION,FINAL_CLASSIFIER_DENOMINATOR_IF_CLASSIFIABLE,True,False
J1009+3539,GOLD,Yang2025_turn_on,faint_only,10,GREEN2022_FINAL,APPLICABLE_SUPPORTED_VARIANCE,FINAL_CLASSIFIER_DENOMINATOR_IF_CLASSIFIABLE,True,False
J1009+3539,GOLD,Yang2025_turn_on,faint_only,10,MACLEOD2019_FINAL,UNCLASSIFIABLE_NO_PROSPECTIVE_VISUAL_EVIDENCE,FINAL_CLASSIFIER_ROW_NON_DENOMINATOR_WHEN_UNCLASSIFIABLE,True,True
J1009+3539,GOLD,Yang2025_turn_on,matched,5,YANG2024_FINAL,APPLICABLE_FAIL_CLOSED_PER_REALIZATION,FINAL_CLASSIFIER_DENOMINATOR_IF_CLASSIFIABLE,True,False
J1009+3539,GOLD,Yang2025_turn_on,matched,5,GREEN2022_FINAL,APPLICABLE_SUPPORTED_VARIANCE,FINAL_CLASSIFIER_DENOMINATOR_IF_CLASSIFIABLE,True,False
J1009+3539,GOLD,Yang2025_turn_on,matched,5,MACLEOD2019_FINAL,UNCLASSIFIABLE_NO_PROSPECTIVE_VISUAL_EVIDENCE,FINAL_CLASSIFIER_ROW_NON_DENOMINATOR_WHEN_UNCLASSIFIABLE,True,True
J1009+3539,GOLD,Yang2025_turn_on,matched,10,YANG2024_FINAL,APPLICABLE_FAIL_CLOSED_PER_REALIZATION,FINAL_CLASSIFIER_DENOMINATOR_IF_CLASSIFIABLE,True,False
J1009+3539,GOLD,Yang2025_turn_on,matched,10,GREEN2022_FINAL,APPLICABLE_SUPPORTED_VARIANCE,FINAL_CLASSIFIER_DENOMINATOR_IF_CLASSIFIABLE,True,False
J1009+3539,GOLD,Yang2025_turn_on,matched,10,MACLEOD2019_FINAL,UNCLASSIFIABLE_NO_PROSPECTIVE_VISUAL_EVIDENCE,FINAL_CLASSIFIER_ROW_NON_DENOMINATOR_WHEN_UNCLASSIFIABLE,True,True
J101403.44+193609.1,GOLD,Dong2025_SDSS_LAMOST,faint_only,5,YANG2024_FINAL,APPLICABLE_FAIL_CLOSED_PER_REALIZATION,FINAL_CLASSIFIER_DENOMINATOR_IF_CLASSIFIABLE,True,False
J101403.44+193609.1,GOLD,Dong2025_SDSS_LAMOST,faint_only,5,GREEN2022_FINAL,APPLICABLE_SUPPORTED_VARIANCE,FINAL_CLASSIFIER_DENOMINATOR_IF_CLASSIFIABLE,True,False
J101403.44+193609.1,GOLD,Dong2025_SDSS_LAMOST,faint_only,5,MACLEOD2019_FINAL,UNCLASSIFIABLE_NO_PROSPECTIVE_VISUAL_EVIDENCE,FINAL_CLASSIFIER_ROW_NON_DENOMINATOR_WHEN_UNCLASSIFIABLE,True,True
J101403.44+193609.1,GOLD,Dong2025_SDSS_LAMOST,matched,5,YANG2024_FINAL,APPLICABLE_FAIL_CLOSED_PER_REALIZATION,FINAL_CLASSIFIER_DENOMINATOR_IF_CLASSIFIABLE,True,False
J101403.44+193609.1,GOLD,Dong2025_SDSS_LAMOST,matched,5,GREEN2022_FINAL,APPLICABLE_SUPPORTED_VARIANCE,FINAL_CLASSIFIER_DENOMINATOR_IF_CLASSIFIABLE,True,False
J101403.44+193609.1,GOLD,Dong2025_SDSS_LAMOST,matched,5,MACLEOD2019_FINAL,UNCLASSIFIABLE_NO_PROSPECTIVE_VISUAL_EVIDENCE,FINAL_CLASSIFIER_ROW_NON_DENOMINATOR_WHEN_UNCLASSIFIABLE,True,True
J101417.87+351106.8,GOLD,Dong2025_SDSS_LAMOST,faint_only,5,YANG2024_FINAL,APPLICABLE_FAIL_CLOSED_PER_REALIZATION,FINAL_CLASSIFIER_DENOMINATOR_IF_CLASSIFIABLE,True,False
J101417.87+351106.8,GOLD,Dong2025_SDSS_LAMOST,faint_only,5,GREEN2022_FINAL,APPLICABLE_SUPPORTED_VARIANCE,FINAL_CLASSIFIER_DENOMINATOR_IF_CLASSIFIABLE,True,False
J101417.87+351106.8,GOLD,Dong2025_SDSS_LAMOST,faint_only,5,MACLEOD2019_FINAL,UNCLASSIFIABLE_NO_PROSPECTIVE_VISUAL_EVIDENCE,FINAL_CLASSIFIER_ROW_NON_DENOMINATOR_WHEN_UNCLASSIFIABLE,True,True
J101417.87+351106.8,GOLD,Dong2025_SDSS_LAMOST,matched,5,YANG2024_FINAL,APPLICABLE_FAIL_CLOSED_PER_REALIZATION,FINAL_CLASSIFIER_DENOMINATOR_IF_CLASSIFIABLE,True,False
J101417.87+351106.8,GOLD,Dong2025_SDSS_LAMOST,matched,5,GREEN2022_FINAL,APPLICABLE_SUPPORTED_VARIANCE,FINAL_CLASSIFIER_DENOMINATOR_IF_CLASSIFIABLE,True,False
J101417.87+351106.8,GOLD,Dong2025_SDSS_LAMOST,matched,5,MACLEOD2019_FINAL,UNCLASSIFIABLE_NO_PROSPECTIVE_VISUAL_EVIDENCE,FINAL_CLASSIFIER_ROW_NON_DENOMINATOR_WHEN_UNCLASSIFIABLE,True,True
J104043.38+273518.9,GOLD,Dong2025_SDSS_LAMOST,faint_only,5,YANG2024_FINAL,APPLICABLE_FAIL_CLOSED_PER_REALIZATION,FINAL_CLASSIFIER_DENOMINATOR_IF_CLASSIFIABLE,True,False
J104043.38+273518.9,GOLD,Dong2025_SDSS_LAMOST,faint_only,5,GREEN2022_FINAL,APPLICABLE_SUPPORTED_VARIANCE,FINAL_CLASSIFIER_DENOMINATOR_IF_CLASSIFIABLE,True,False
J104043.38+273518.9,GOLD,Dong2025_SDSS_LAMOST,faint_only,5,MACLEOD2019_FINAL,UNCLASSIFIABLE_NO_PROSPECTIVE_VISUAL_EVIDENCE,FINAL_CLASSIFIER_ROW_NON_DENOMINATOR_WHEN_UNCLASSIFIABLE,True,True
J104043.38+273518.9,GOLD,Dong2025_SDSS_LAMOST,matched,5,YANG2024_FINAL,APPLICABLE_FAIL_CLOSED_PER_REALIZATION,FINAL_CLASSIFIER_DENOMINATOR_IF_CLASSIFIABLE,True,False
J104043.38+273518.9,GOLD,Dong2025_SDSS_LAMOST,matched,5,GREEN2022_FINAL,APPLICABLE_SUPPORTED_VARIANCE,FINAL_CLASSIFIER_DENOMINATOR_IF_CLASSIFIABLE,True,False
J104043.38+273518.9,GOLD,Dong2025_SDSS_LAMOST,matched,5,MACLEOD2019_FINAL,UNCLASSIFIABLE_NO_PROSPECTIVE_VISUAL_EVIDENCE,FINAL_CLASSIFIER_ROW_NON_DENOMINATOR_WHEN_UNCLASSIFIABLE,True,True
J104111.56+555142.4,GOLD,Dong2025_SDSS_LAMOST,faint_only,5,YANG2024_FINAL,APPLICABLE_FAIL_CLOSED_PER_REALIZATION,FINAL_CLASSIFIER_DENOMINATOR_IF_CLASSIFIABLE,True,False
J104111.56+555142.4,GOLD,Dong2025_SDSS_LAMOST,faint_only,5,GREEN2022_FINAL,APPLICABLE_SUPPORTED_VARIANCE,FINAL_CLASSIFIER_DENOMINATOR_IF_CLASSIFIABLE,True,False
J104111.56+555142.4,GOLD,Dong2025_SDSS_LAMOST,faint_only,5,MACLEOD2019_FINAL,UNCLASSIFIABLE_NO_PROSPECTIVE_VISUAL_EVIDENCE,FINAL_CLASSIFIER_ROW_NON_DENOMINATOR_WHEN_UNCLASSIFIABLE,True,True
J104111.56+555142.4,GOLD,Dong2025_SDSS_LAMOST,matched,5,YANG2024_FINAL,APPLICABLE_FAIL_CLOSED_PER_REALIZATION,FINAL_CLASSIFIER_DENOMINATOR_IF_CLASSIFIABLE,True,False
J104111.56+555142.4,GOLD,Dong2025_SDSS_LAMOST,matched,5,GREEN2022_FINAL,APPLICABLE_SUPPORTED_VARIANCE,FINAL_CLASSIFIER_DENOMINATOR_IF_CLASSIFIABLE,True,False
J104111.56+555142.4,GOLD,Dong2025_SDSS_LAMOST,matched,5,MACLEOD2019_FINAL,UNCLASSIFIABLE_NO_PROSPECTIVE_VISUAL_EVIDENCE,FINAL_CLASSIFIER_ROW_NON_DENOMINATOR_WHEN_UNCLASSIFIABLE,True,True
J104427.75+271806.3,GOLD,Dong2025_SDSS_LAMOST,faint_only,5,YANG2024_FINAL,APPLICABLE_FAIL_CLOSED_PER_REALIZATION,FINAL_CLASSIFIER_DENOMINATOR_IF_CLASSIFIABLE,True,False
J104427.75+271806.3,GOLD,Dong2025_SDSS_LAMOST,faint_only,5,GREEN2022_FINAL,APPLICABLE_SUPPORTED_VARIANCE,FINAL_CLASSIFIER_DENOMINATOR_IF_CLASSIFIABLE,True,False
J104427.75+271806.3,GOLD,Dong2025_SDSS_LAMOST,faint_only,5,MACLEOD2019_FINAL,UNCLASSIFIABLE_NO_PROSPECTIVE_VISUAL_EVIDENCE,FINAL_CLASSIFIER_ROW_NON_DENOMINATOR_WHEN_UNCLASSIFIABLE,True,True
J104427.75+271806.3,GOLD,Dong2025_SDSS_LAMOST,faint_only,10,YANG2024_FINAL,APPLICABLE_FAIL_CLOSED_PER_REALIZATION,FINAL_CLASSIFIER_DENOMINATOR_IF_CLASSIFIABLE,True,False
J104427.75+271806.3,GOLD,Dong2025_SDSS_LAMOST,faint_only,10,GREEN2022_FINAL,APPLICABLE_SUPPORTED_VARIANCE,FINAL_CLASSIFIER_DENOMINATOR_IF_CLASSIFIABLE,True,False
J104427.75+271806.3,GOLD,Dong2025_SDSS_LAMOST,faint_only,10,MACLEOD2019_FINAL,UNCLASSIFIABLE_NO_PROSPECTIVE_VISUAL_EVIDENCE,FINAL_CLASSIFIER_ROW_NON_DENOMINATOR_WHEN_UNCLASSIFIABLE,True,True
J104427.75+271806.3,GOLD,Dong2025_SDSS_LAMOST,matched,5,YANG2024_FINAL,APPLICABLE_FAIL_CLOSED_PER_REALIZATION,FINAL_CLASSIFIER_DENOMINATOR_IF_CLASSIFIABLE,True,False
J104427.75+271806.3,GOLD,Dong2025_SDSS_LAMOST,matched,5,GREEN2022_FINAL,APPLICABLE_SUPPORTED_VARIANCE,FINAL_CLASSIFIER_DENOMINATOR_IF_CLASSIFIABLE,True,False
J104427.75+271806.3,GOLD,Dong2025_SDSS_LAMOST,matched,5,MACLEOD2019_FINAL,UNCLASSIFIABLE_NO_PROSPECTIVE_VISUAL_EVIDENCE,FINAL_CLASSIFIER_ROW_NON_DENOMINATOR_WHEN_UNCLASSIFIABLE,True,True
J104427.75+271806.3,GOLD,Dong2025_SDSS_LAMOST,matched,10,YANG2024_FINAL,APPLICABLE_FAIL_CLOSED_PER_REALIZATION,FINAL_CLASSIFIER_DENOMINATOR_IF_CLASSIFIABLE,True,False
J104427.75+271806.3,GOLD,Dong2025_SDSS_LAMOST,matched,10,GREEN2022_FINAL,APPLICABLE_SUPPORTED_VARIANCE,FINAL_CLASSIFIER_DENOMINATOR_IF_CLASSIFIABLE,True,False
J104427.75+271806.3,GOLD,Dong2025_SDSS_LAMOST,matched,10,MACLEOD2019_FINAL,UNCLASSIFIABLE_NO_PROSPECTIVE_VISUAL_EVIDENCE,FINAL_CLASSIFIER_ROW_NON_DENOMINATOR_WHEN_UNCLASSIFIABLE,True,True
J105233.83+454949.3,GOLD,Dong2025_SDSS_LAMOST,faint_only,5,YANG2024_FINAL,APPLICABLE_FAIL_CLOSED_PER_REALIZATION,FINAL_CLASSIFIER_DENOMINATOR_IF_CLASSIFIABLE,True,False
J105233.83+454949.3,GOLD,Dong2025_SDSS_LAMOST,faint_only,5,GREEN2022_FINAL,APPLICABLE_SUPPORTED_VARIANCE,FINAL_CLASSIFIER_DENOMINATOR_IF_CLASSIFIABLE,True,False
J105233.83+454949.3,GOLD,Dong2025_SDSS_LAMOST,faint_only,5,MACLEOD2019_FINAL,UNCLASSIFIABLE_NO_PROSPECTIVE_VISUAL_EVIDENCE,FINAL_CLASSIFIER_ROW_NON_DENOMINATOR_WHEN_UNCLASSIFIABLE,True,True
J105233.83+454949.3,GOLD,Dong2025_SDSS_LAMOST,faint_only,10,YANG2024_FINAL,APPLICABLE_FAIL_CLOSED_PER_REALIZATION,FINAL_CLASSIFIER_DENOMINATOR_IF_CLASSIFIABLE,True,False
J105233.83+454949.3,GOLD,Dong2025_SDSS_LAMOST,faint_only,10,GREEN2022_FINAL,APPLICABLE_SUPPORTED_VARIANCE,FINAL_CLASSIFIER_DENOMINATOR_IF_CLASSIFIABLE,True,False
J105233.83+454949.3,GOLD,Dong2025_SDSS_LAMOST,faint_only,10,MACLEOD2019_FINAL,UNCLASSIFIABLE_NO_PROSPECTIVE_VISUAL_EVIDENCE,FINAL_CLASSIFIER_ROW_NON_DENOMINATOR_WHEN_UNCLASSIFIABLE,True,True
J105233.83+454949.3,GOLD,Dong2025_SDSS_LAMOST,matched,5,YANG2024_FINAL,APPLICABLE_FAIL_CLOSED_PER_REALIZATION,FINAL_CLASSIFIER_DENOMINATOR_IF_CLASSIFIABLE,True,False
J105233.83+454949.3,GOLD,Dong2025_SDSS_LAMOST,matched,5,GREEN2022_FINAL,APPLICABLE_SUPPORTED_VARIANCE,FINAL_CLASSIFIER_DENOMINATOR_IF_CLASSIFIABLE,True,False
J105233.83+454949.3,GOLD,Dong2025_SDSS_LAMOST,matched,5,MACLEOD2019_FINAL,UNCLASSIFIABLE_NO_PROSPECTIVE_VISUAL_EVIDENCE,FINAL_CLASSIFIER_ROW_NON_DENOMINATOR_WHEN_UNCLASSIFIABLE,True,True
J105233.83+454949.3,GOLD,Dong2025_SDSS_LAMOST,matched,10,YANG2024_FINAL,APPLICABLE_FAIL_CLOSED_PER_REALIZATION,FINAL_CLASSIFIER_DENOMINATOR_IF_CLASSIFIABLE,True,False
J105233.83+454949.3,GOLD,Dong2025_SDSS_LAMOST,matched,10,GREEN2022_FINAL,APPLICABLE_SUPPORTED_VARIANCE,FINAL_CLASSIFIER_DENOMINATOR_IF_CLASSIFIABLE,True,False
J105233.83+454949.3,GOLD,Dong2025_SDSS_LAMOST,matched,10,MACLEOD2019_FINAL,UNCLASSIFIABLE_NO_PROSPECTIVE_VISUAL_EVIDENCE,FINAL_CLASSIFIER_ROW_NON_DENOMINATOR_WHEN_UNCLASSIFIABLE,True,True
J1110+0804,GOLD,Yang2025_turn_on,faint_only,5,YANG2024_FINAL,APPLICABLE_FAIL_CLOSED_PER_REALIZATION,FINAL_CLASSIFIER_DENOMINATOR_IF_CLASSIFIABLE,True,False
J1110+0804,GOLD,Yang2025_turn_on,faint_only,5,GREEN2022_FINAL,APPLICABLE_SUPPORTED_VARIANCE,FINAL_CLASSIFIER_DENOMINATOR_IF_CLASSIFIABLE,True,False
J1110+0804,GOLD,Yang2025_turn_on,faint_only,5,MACLEOD2019_FINAL,UNCLASSIFIABLE_NO_PROSPECTIVE_VISUAL_EVIDENCE,FINAL_CLASSIFIER_ROW_NON_DENOMINATOR_WHEN_UNCLASSIFIABLE,True,True
J1110+0804,GOLD,Yang2025_turn_on,faint_only,10,YANG2024_FINAL,APPLICABLE_FAIL_CLOSED_PER_REALIZATION,FINAL_CLASSIFIER_DENOMINATOR_IF_CLASSIFIABLE,True,False
J1110+0804,GOLD,Yang2025_turn_on,faint_only,10,GREEN2022_FINAL,APPLICABLE_SUPPORTED_VARIANCE,FINAL_CLASSIFIER_DENOMINATOR_IF_CLASSIFIABLE,True,False
J1110+0804,GOLD,Yang2025_turn_on,faint_only,10,MACLEOD2019_FINAL,UNCLASSIFIABLE_NO_PROSPECTIVE_VISUAL_EVIDENCE,FINAL_CLASSIFIER_ROW_NON_DENOMINATOR_WHEN_UNCLASSIFIABLE,True,True
J1110+0804,GOLD,Yang2025_turn_on,matched,5,YANG2024_FINAL,APPLICABLE_FAIL_CLOSED_PER_REALIZATION,FINAL_CLASSIFIER_DENOMINATOR_IF_CLASSIFIABLE,True,False
J1110+0804,GOLD,Yang2025_turn_on,matched,5,GREEN2022_FINAL,APPLICABLE_SUPPORTED_VARIANCE,FINAL_CLASSIFIER_DENOMINATOR_IF_CLASSIFIABLE,True,False
J1110+0804,GOLD,Yang2025_turn_on,matched,5,MACLEOD2019_FINAL,UNCLASSIFIABLE_NO_PROSPECTIVE_VISUAL_EVIDENCE,FINAL_CLASSIFIER_ROW_NON_DENOMINATOR_WHEN_UNCLASSIFIABLE,True,True
J1110+0804,GOLD,Yang2025_turn_on,matched,10,YANG2024_FINAL,APPLICABLE_FAIL_CLOSED_PER_REALIZATION,FINAL_CLASSIFIER_DENOMINATOR_IF_CLASSIFIABLE,True,False
J1110+0804,GOLD,Yang2025_turn_on,matched,10,GREEN2022_FINAL,APPLICABLE_SUPPORTED_VARIANCE,FINAL_CLASSIFIER_DENOMINATOR_IF_CLASSIFIABLE,True,False
J1110+0804,GOLD,Yang2025_turn_on,matched,10,MACLEOD2019_FINAL,UNCLASSIFIABLE_NO_PROSPECTIVE_VISUAL_EVIDENCE,FINAL_CLASSIFIER_ROW_NON_DENOMINATOR_WHEN_UNCLASSIFIABLE,True,True
J112229.65+214815.6,GOLD,Dong2025_SDSS_LAMOST,faint_only,5,YANG2024_FINAL,APPLICABLE_FAIL_CLOSED_PER_REALIZATION,FINAL_CLASSIFIER_DENOMINATOR_IF_CLASSIFIABLE,True,False
J112229.65+214815.6,GOLD,Dong2025_SDSS_LAMOST,faint_only,5,GREEN2022_FINAL,APPLICABLE_SUPPORTED_VARIANCE,FINAL_CLASSIFIER_DENOMINATOR_IF_CLASSIFIABLE,True,False
J112229.65+214815.6,GOLD,Dong2025_SDSS_LAMOST,faint_only,5,MACLEOD2019_FINAL,UNCLASSIFIABLE_NO_PROSPECTIVE_VISUAL_EVIDENCE,FINAL_CLASSIFIER_ROW_NON_DENOMINATOR_WHEN_UNCLASSIFIABLE,True,True
J112229.65+214815.6,GOLD,Dong2025_SDSS_LAMOST,faint_only,10,YANG2024_FINAL,APPLICABLE_FAIL_CLOSED_PER_REALIZATION,FINAL_CLASSIFIER_DENOMINATOR_IF_CLASSIFIABLE,True,False
J112229.65+214815.6,GOLD,Dong2025_SDSS_LAMOST,faint_only,10,GREEN2022_FINAL,APPLICABLE_SUPPORTED_VARIANCE,FINAL_CLASSIFIER_DENOMINATOR_IF_CLASSIFIABLE,True,False
J112229.65+214815.6,GOLD,Dong2025_SDSS_LAMOST,faint_only,10,MACLEOD2019_FINAL,UNCLASSIFIABLE_NO_PROSPECTIVE_VISUAL_EVIDENCE,FINAL_CLASSIFIER_ROW_NON_DENOMINATOR_WHEN_UNCLASSIFIABLE,True,True
J112229.65+214815.6,GOLD,Dong2025_SDSS_LAMOST,matched,5,YANG2024_FINAL,APPLICABLE_FAIL_CLOSED_PER_REALIZATION,FINAL_CLASSIFIER_DENOMINATOR_IF_CLASSIFIABLE,True,False
J112229.65+214815.6,GOLD,Dong2025_SDSS_LAMOST,matched,5,GREEN2022_FINAL,APPLICABLE_SUPPORTED_VARIANCE,FINAL_CLASSIFIER_DENOMINATOR_IF_CLASSIFIABLE,True,False
J112229.65+214815.6,GOLD,Dong2025_SDSS_LAMOST,matched,5,MACLEOD2019_FINAL,UNCLASSIFIABLE_NO_PROSPECTIVE_VISUAL_EVIDENCE,FINAL_CLASSIFIER_ROW_NON_DENOMINATOR_WHEN_UNCLASSIFIABLE,True,True
J112229.65+214815.6,GOLD,Dong2025_SDSS_LAMOST,matched,10,YANG2024_FINAL,APPLICABLE_FAIL_CLOSED_PER_REALIZATION,FINAL_CLASSIFIER_DENOMINATOR_IF_CLASSIFIABLE,True,False
J112229.65+214815.6,GOLD,Dong2025_SDSS_LAMOST,matched,10,GREEN2022_FINAL,APPLICABLE_SUPPORTED_VARIANCE,FINAL_CLASSIFIER_DENOMINATOR_IF_CLASSIFIABLE,True,False
J112229.65+214815.6,GOLD,Dong2025_SDSS_LAMOST,matched,10,MACLEOD2019_FINAL,UNCLASSIFIABLE_NO_PROSPECTIVE_VISUAL_EVIDENCE,FINAL_CLASSIFIER_ROW_NON_DENOMINATOR_WHEN_UNCLASSIFIABLE,True,True
J113402.78+290403.9,GOLD,Dong2025_SDSS_LAMOST,faint_only,5,YANG2024_FINAL,APPLICABLE_FAIL_CLOSED_PER_REALIZATION,FINAL_CLASSIFIER_DENOMINATOR_IF_CLASSIFIABLE,True,False
J113402.78+290403.9,GOLD,Dong2025_SDSS_LAMOST,faint_only,5,GREEN2022_FINAL,APPLICABLE_SUPPORTED_VARIANCE,FINAL_CLASSIFIER_DENOMINATOR_IF_CLASSIFIABLE,True,False
J113402.78+290403.9,GOLD,Dong2025_SDSS_LAMOST,faint_only,5,MACLEOD2019_FINAL,UNCLASSIFIABLE_NO_PROSPECTIVE_VISUAL_EVIDENCE,FINAL_CLASSIFIER_ROW_NON_DENOMINATOR_WHEN_UNCLASSIFIABLE,True,True
J113402.78+290403.9,GOLD,Dong2025_SDSS_LAMOST,matched,5,YANG2024_FINAL,APPLICABLE_FAIL_CLOSED_PER_REALIZATION,FINAL_CLASSIFIER_DENOMINATOR_IF_CLASSIFIABLE,True,False
J113402.78+290403.9,GOLD,Dong2025_SDSS_LAMOST,matched,5,GREEN2022_FINAL,APPLICABLE_SUPPORTED_VARIANCE,FINAL_CLASSIFIER_DENOMINATOR_IF_CLASSIFIABLE,True,False
J113402.78+290403.9,GOLD,Dong2025_SDSS_LAMOST,matched,5,MACLEOD2019_FINAL,UNCLASSIFIABLE_NO_PROSPECTIVE_VISUAL_EVIDENCE,FINAL_CLASSIFIER_ROW_NON_DENOMINATOR_WHEN_UNCLASSIFIABLE,True,True
J114154.47+063509.6,GOLD,Dong2025_SDSS_LAMOST,faint_only,5,YANG2024_FINAL,UNCLASSIFIABLE_INSTRUMENT_DOMAIN,FINAL_CLASSIFIER_DENOMINATOR_IF_CLASSIFIABLE,True,True
J114154.47+063509.6,GOLD,Dong2025_SDSS_LAMOST,faint_only,5,GREEN2022_FINAL,UNCLASSIFIABLE_INSTRUMENT_DOMAIN,FINAL_CLASSIFIER_DENOMINATOR_IF_CLASSIFIABLE,True,True
J114154.47+063509.6,GOLD,Dong2025_SDSS_LAMOST,faint_only,5,MACLEOD2019_FINAL,UNCLASSIFIABLE_NO_PROSPECTIVE_VISUAL_EVIDENCE,FINAL_CLASSIFIER_ROW_NON_DENOMINATOR_WHEN_UNCLASSIFIABLE,True,True
J114154.47+063509.6,GOLD,Dong2025_SDSS_LAMOST,faint_only,10,YANG2024_FINAL,UNCLASSIFIABLE_INSTRUMENT_DOMAIN,FINAL_CLASSIFIER_DENOMINATOR_IF_CLASSIFIABLE,True,True
J114154.47+063509.6,GOLD,Dong2025_SDSS_LAMOST,faint_only,10,GREEN2022_FINAL,UNCLASSIFIABLE_INSTRUMENT_DOMAIN,FINAL_CLASSIFIER_DENOMINATOR_IF_CLASSIFIABLE,True,True
J114154.47+063509.6,GOLD,Dong2025_SDSS_LAMOST,faint_only,10,MACLEOD2019_FINAL,UNCLASSIFIABLE_NO_PROSPECTIVE_VISUAL_EVIDENCE,FINAL_CLASSIFIER_ROW_NON_DENOMINATOR_WHEN_UNCLASSIFIABLE,True,True
J114154.47+063509.6,GOLD,Dong2025_SDSS_LAMOST,matched,5,YANG2024_FINAL,UNCLASSIFIABLE_INSTRUMENT_DOMAIN,FINAL_CLASSIFIER_DENOMINATOR_IF_CLASSIFIABLE,True,True
J114154.47+063509.6,GOLD,Dong2025_SDSS_LAMOST,matched,5,GREEN2022_FINAL,UNCLASSIFIABLE_INSTRUMENT_DOMAIN,FINAL_CLASSIFIER_DENOMINATOR_IF_CLASSIFIABLE,True,True
J114154.47+063509.6,GOLD,Dong2025_SDSS_LAMOST,matched,5,MACLEOD2019_FINAL,UNCLASSIFIABLE_NO_PROSPECTIVE_VISUAL_EVIDENCE,FINAL_CLASSIFIER_ROW_NON_DENOMINATOR_WHEN_UNCLASSIFIABLE,True,True
J114154.47+063509.6,GOLD,Dong2025_SDSS_LAMOST,matched,10,YANG2024_FINAL,UNCLASSIFIABLE_INSTRUMENT_DOMAIN,FINAL_CLASSIFIER_DENOMINATOR_IF_CLASSIFIABLE,True,True
J114154.47+063509.6,GOLD,Dong2025_SDSS_LAMOST,matched,10,GREEN2022_FINAL,UNCLASSIFIABLE_INSTRUMENT_DOMAIN,FINAL_CLASSIFIER_DENOMINATOR_IF_CLASSIFIABLE,True,True
J114154.47+063509.6,GOLD,Dong2025_SDSS_LAMOST,matched,10,MACLEOD2019_FINAL,UNCLASSIFIABLE_NO_PROSPECTIVE_VISUAL_EVIDENCE,FINAL_CLASSIFIER_ROW_NON_DENOMINATOR_WHEN_UNCLASSIFIABLE,True,True
J114634.92+282642.0,GOLD,Dong2025_SDSS_LAMOST,faint_only,5,YANG2024_FINAL,APPLICABLE_FAIL_CLOSED_PER_REALIZATION,FINAL_CLASSIFIER_DENOMINATOR_IF_CLASSIFIABLE,True,False
J114634.92+282642.0,GOLD,Dong2025_SDSS_LAMOST,faint_only,5,GREEN2022_FINAL,APPLICABLE_SUPPORTED_VARIANCE,FINAL_CLASSIFIER_DENOMINATOR_IF_CLASSIFIABLE,True,False
J114634.92+282642.0,GOLD,Dong2025_SDSS_LAMOST,faint_only,5,MACLEOD2019_FINAL,UNCLASSIFIABLE_NO_PROSPECTIVE_VISUAL_EVIDENCE,FINAL_CLASSIFIER_ROW_NON_DENOMINATOR_WHEN_UNCLASSIFIABLE,True,True
J114634.92+282642.0,GOLD,Dong2025_SDSS_LAMOST,matched,5,YANG2024_FINAL,APPLICABLE_FAIL_CLOSED_PER_REALIZATION,FINAL_CLASSIFIER_DENOMINATOR_IF_CLASSIFIABLE,True,False
J114634.92+282642.0,GOLD,Dong2025_SDSS_LAMOST,matched,5,GREEN2022_FINAL,APPLICABLE_SUPPORTED_VARIANCE,FINAL_CLASSIFIER_DENOMINATOR_IF_CLASSIFIABLE,True,False
J114634.92+282642.0,GOLD,Dong2025_SDSS_LAMOST,matched,5,MACLEOD2019_FINAL,UNCLASSIFIABLE_NO_PROSPECTIVE_VISUAL_EVIDENCE,FINAL_CLASSIFIER_ROW_NON_DENOMINATOR_WHEN_UNCLASSIFIABLE,True,True
J120635.22+175312.3,GOLD,Dong2025_SDSS_LAMOST,faint_only,5,YANG2024_FINAL,APPLICABLE_FAIL_CLOSED_PER_REALIZATION,FINAL_CLASSIFIER_DENOMINATOR_IF_CLASSIFIABLE,True,False
J120635.22+175312.3,GOLD,Dong2025_SDSS_LAMOST,faint_only,5,GREEN2022_FINAL,APPLICABLE_SUPPORTED_VARIANCE,FINAL_CLASSIFIER_DENOMINATOR_IF_CLASSIFIABLE,True,False
J120635.22+175312.3,GOLD,Dong2025_SDSS_LAMOST,faint_only,5,MACLEOD2019_FINAL,UNCLASSIFIABLE_NO_PROSPECTIVE_VISUAL_EVIDENCE,FINAL_CLASSIFIER_ROW_NON_DENOMINATOR_WHEN_UNCLASSIFIABLE,True,True
J120635.22+175312.3,GOLD,Dong2025_SDSS_LAMOST,faint_only,10,YANG2024_FINAL,APPLICABLE_FAIL_CLOSED_PER_REALIZATION,FINAL_CLASSIFIER_DENOMINATOR_IF_CLASSIFIABLE,True,False
J120635.22+175312.3,GOLD,Dong2025_SDSS_LAMOST,faint_only,10,GREEN2022_FINAL,APPLICABLE_SUPPORTED_VARIANCE,FINAL_CLASSIFIER_DENOMINATOR_IF_CLASSIFIABLE,True,False
J120635.22+175312.3,GOLD,Dong2025_SDSS_LAMOST,faint_only,10,MACLEOD2019_FINAL,UNCLASSIFIABLE_NO_PROSPECTIVE_VISUAL_EVIDENCE,FINAL_CLASSIFIER_ROW_NON_DENOMINATOR_WHEN_UNCLASSIFIABLE,True,True
J120635.22+175312.3,GOLD,Dong2025_SDSS_LAMOST,matched,5,YANG2024_FINAL,APPLICABLE_FAIL_CLOSED_PER_REALIZATION,FINAL_CLASSIFIER_DENOMINATOR_IF_CLASSIFIABLE,True,False
J120635.22+175312.3,GOLD,Dong2025_SDSS_LAMOST,matched,5,GREEN2022_FINAL,APPLICABLE_SUPPORTED_VARIANCE,FINAL_CLASSIFIER_DENOMINATOR_IF_CLASSIFIABLE,True,False
J120635.22+175312.3,GOLD,Dong2025_SDSS_LAMOST,matched,5,MACLEOD2019_FINAL,UNCLASSIFIABLE_NO_PROSPECTIVE_VISUAL_EVIDENCE,FINAL_CLASSIFIER_ROW_NON_DENOMINATOR_WHEN_UNCLASSIFIABLE,True,True
J120635.22+175312.3,GOLD,Dong2025_SDSS_LAMOST,matched,10,YANG2024_FINAL,APPLICABLE_FAIL_CLOSED_PER_REALIZATION,FINAL_CLASSIFIER_DENOMINATOR_IF_CLASSIFIABLE,True,False
J120635.22+175312.3,GOLD,Dong2025_SDSS_LAMOST,matched,10,GREEN2022_FINAL,APPLICABLE_SUPPORTED_VARIANCE,FINAL_CLASSIFIER_DENOMINATOR_IF_CLASSIFIABLE,True,False
J120635.22+175312.3,GOLD,Dong2025_SDSS_LAMOST,matched,10,MACLEOD2019_FINAL,UNCLASSIFIABLE_NO_PROSPECTIVE_VISUAL_EVIDENCE,FINAL_CLASSIFIER_ROW_NON_DENOMINATOR_WHEN_UNCLASSIFIABLE,True,True
J121618.00+515946.1,GOLD,Zeltyn2024_SDSSV,faint_only,5,YANG2024_FINAL,APPLICABLE_FAIL_CLOSED_PER_REALIZATION,FINAL_CLASSIFIER_DENOMINATOR_IF_CLASSIFIABLE,True,False
J121618.00+515946.1,GOLD,Zeltyn2024_SDSSV,faint_only,5,GREEN2022_FINAL,APPLICABLE_SUPPORTED_VARIANCE,FINAL_CLASSIFIER_DENOMINATOR_IF_CLASSIFIABLE,True,False
J121618.00+515946.1,GOLD,Zeltyn2024_SDSSV,faint_only,5,MACLEOD2019_FINAL,UNCLASSIFIABLE_NO_PROSPECTIVE_VISUAL_EVIDENCE,FINAL_CLASSIFIER_ROW_NON_DENOMINATOR_WHEN_UNCLASSIFIABLE,True,True
J121618.00+515946.1,GOLD,Zeltyn2024_SDSSV,faint_only,10,YANG2024_FINAL,APPLICABLE_FAIL_CLOSED_PER_REALIZATION,FINAL_CLASSIFIER_DENOMINATOR_IF_CLASSIFIABLE,True,False
J121618.00+515946.1,GOLD,Zeltyn2024_SDSSV,faint_only,10,GREEN2022_FINAL,APPLICABLE_SUPPORTED_VARIANCE,FINAL_CLASSIFIER_DENOMINATOR_IF_CLASSIFIABLE,True,False
J121618.00+515946.1,GOLD,Zeltyn2024_SDSSV,faint_only,10,MACLEOD2019_FINAL,UNCLASSIFIABLE_NO_PROSPECTIVE_VISUAL_EVIDENCE,FINAL_CLASSIFIER_ROW_NON_DENOMINATOR_WHEN_UNCLASSIFIABLE,True,True
J121618.00+515946.1,GOLD,Zeltyn2024_SDSSV,matched,5,YANG2024_FINAL,APPLICABLE_FAIL_CLOSED_PER_REALIZATION,FINAL_CLASSIFIER_DENOMINATOR_IF_CLASSIFIABLE,True,False
J121618.00+515946.1,GOLD,Zeltyn2024_SDSSV,matched,5,GREEN2022_FINAL,APPLICABLE_SUPPORTED_VARIANCE,FINAL_CLASSIFIER_DENOMINATOR_IF_CLASSIFIABLE,True,False
J121618.00+515946.1,GOLD,Zeltyn2024_SDSSV,matched,5,MACLEOD2019_FINAL,UNCLASSIFIABLE_NO_PROSPECTIVE_VISUAL_EVIDENCE,FINAL_CLASSIFIER_ROW_NON_DENOMINATOR_WHEN_UNCLASSIFIABLE,True,True
J122355.23+343856.6,GOLD,Dong2025_SDSS_LAMOST,faint_only,5,YANG2024_FINAL,APPLICABLE_FAIL_CLOSED_PER_REALIZATION,FINAL_CLASSIFIER_DENOMINATOR_IF_CLASSIFIABLE,True,False
J122355.23+343856.6,GOLD,Dong2025_SDSS_LAMOST,faint_only,5,GREEN2022_FINAL,APPLICABLE_SUPPORTED_VARIANCE,FINAL_CLASSIFIER_DENOMINATOR_IF_CLASSIFIABLE,True,False
J122355.23+343856.6,GOLD,Dong2025_SDSS_LAMOST,faint_only,5,MACLEOD2019_FINAL,UNCLASSIFIABLE_NO_PROSPECTIVE_VISUAL_EVIDENCE,FINAL_CLASSIFIER_ROW_NON_DENOMINATOR_WHEN_UNCLASSIFIABLE,True,True
J122355.23+343856.6,GOLD,Dong2025_SDSS_LAMOST,faint_only,10,YANG2024_FINAL,APPLICABLE_FAIL_CLOSED_PER_REALIZATION,FINAL_CLASSIFIER_DENOMINATOR_IF_CLASSIFIABLE,True,False
J122355.23+343856.6,GOLD,Dong2025_SDSS_LAMOST,faint_only,10,GREEN2022_FINAL,APPLICABLE_SUPPORTED_VARIANCE,FINAL_CLASSIFIER_DENOMINATOR_IF_CLASSIFIABLE,True,False
J122355.23+343856.6,GOLD,Dong2025_SDSS_LAMOST,faint_only,10,MACLEOD2019_FINAL,UNCLASSIFIABLE_NO_PROSPECTIVE_VISUAL_EVIDENCE,FINAL_CLASSIFIER_ROW_NON_DENOMINATOR_WHEN_UNCLASSIFIABLE,True,True
J122355.23+343856.6,GOLD,Dong2025_SDSS_LAMOST,matched,5,YANG2024_FINAL,APPLICABLE_FAIL_CLOSED_PER_REALIZATION,FINAL_CLASSIFIER_DENOMINATOR_IF_CLASSIFIABLE,True,False
J122355.23+343856.6,GOLD,Dong2025_SDSS_LAMOST,matched,5,GREEN2022_FINAL,APPLICABLE_SUPPORTED_VARIANCE,FINAL_CLASSIFIER_DENOMINATOR_IF_CLASSIFIABLE,True,False
J122355.23+343856.6,GOLD,Dong2025_SDSS_LAMOST,matched,5,MACLEOD2019_FINAL,UNCLASSIFIABLE_NO_PROSPECTIVE_VISUAL_EVIDENCE,FINAL_CLASSIFIER_ROW_NON_DENOMINATOR_WHEN_UNCLASSIFIABLE,True,True
J122355.23+343856.6,GOLD,Dong2025_SDSS_LAMOST,matched,10,YANG2024_FINAL,APPLICABLE_FAIL_CLOSED_PER_REALIZATION,FINAL_CLASSIFIER_DENOMINATOR_IF_CLASSIFIABLE,True,False
J122355.23+343856.6,GOLD,Dong2025_SDSS_LAMOST,matched,10,GREEN2022_FINAL,APPLICABLE_SUPPORTED_VARIANCE,FINAL_CLASSIFIER_DENOMINATOR_IF_CLASSIFIABLE,True,False
J122355.23+343856.6,GOLD,Dong2025_SDSS_LAMOST,matched,10,MACLEOD2019_FINAL,UNCLASSIFIABLE_NO_PROSPECTIVE_VISUAL_EVIDENCE,FINAL_CLASSIFIER_ROW_NON_DENOMINATOR_WHEN_UNCLASSIFIABLE,True,True
J122945.61+440934.5,GOLD,Dong2025_SDSS_LAMOST,faint_only,5,YANG2024_FINAL,UNCLASSIFIABLE_INSTRUMENT_DOMAIN,FINAL_CLASSIFIER_DENOMINATOR_IF_CLASSIFIABLE,True,True
J122945.61+440934.5,GOLD,Dong2025_SDSS_LAMOST,faint_only,5,GREEN2022_FINAL,APPLICABLE_SUPPORTED_VARIANCE,FINAL_CLASSIFIER_DENOMINATOR_IF_CLASSIFIABLE,True,False
J122945.61+440934.5,GOLD,Dong2025_SDSS_LAMOST,faint_only,5,MACLEOD2019_FINAL,UNCLASSIFIABLE_NO_PROSPECTIVE_VISUAL_EVIDENCE,FINAL_CLASSIFIER_ROW_NON_DENOMINATOR_WHEN_UNCLASSIFIABLE,True,True
J122945.61+440934.5,GOLD,Dong2025_SDSS_LAMOST,matched,5,YANG2024_FINAL,UNCLASSIFIABLE_INSTRUMENT_DOMAIN,FINAL_CLASSIFIER_DENOMINATOR_IF_CLASSIFIABLE,True,True
J122945.61+440934.5,GOLD,Dong2025_SDSS_LAMOST,matched,5,GREEN2022_FINAL,APPLICABLE_SUPPORTED_VARIANCE,FINAL_CLASSIFIER_DENOMINATOR_IF_CLASSIFIABLE,True,False
J122945.61+440934.5,GOLD,Dong2025_SDSS_LAMOST,matched,5,MACLEOD2019_FINAL,UNCLASSIFIABLE_NO_PROSPECTIVE_VISUAL_EVIDENCE,FINAL_CLASSIFIER_ROW_NON_DENOMINATOR_WHEN_UNCLASSIFIABLE,True,True
J131432.70+122718.5,GOLD,Dong2025_SDSS_LAMOST,faint_only,5,YANG2024_FINAL,APPLICABLE_FAIL_CLOSED_PER_REALIZATION,FINAL_CLASSIFIER_DENOMINATOR_IF_CLASSIFIABLE,True,False
J131432.70+122718.5,GOLD,Dong2025_SDSS_LAMOST,faint_only,5,GREEN2022_FINAL,APPLICABLE_SUPPORTED_VARIANCE,FINAL_CLASSIFIER_DENOMINATOR_IF_CLASSIFIABLE,True,False
J131432.70+122718.5,GOLD,Dong2025_SDSS_LAMOST,faint_only,5,MACLEOD2019_FINAL,UNCLASSIFIABLE_NO_PROSPECTIVE_VISUAL_EVIDENCE,FINAL_CLASSIFIER_ROW_NON_DENOMINATOR_WHEN_UNCLASSIFIABLE,True,True
J131432.70+122718.5,GOLD,Dong2025_SDSS_LAMOST,faint_only,10,YANG2024_FINAL,APPLICABLE_FAIL_CLOSED_PER_REALIZATION,FINAL_CLASSIFIER_DENOMINATOR_IF_CLASSIFIABLE,True,False
J131432.70+122718.5,GOLD,Dong2025_SDSS_LAMOST,faint_only,10,GREEN2022_FINAL,APPLICABLE_SUPPORTED_VARIANCE,FINAL_CLASSIFIER_DENOMINATOR_IF_CLASSIFIABLE,True,False
J131432.70+122718.5,GOLD,Dong2025_SDSS_LAMOST,faint_only,10,MACLEOD2019_FINAL,UNCLASSIFIABLE_NO_PROSPECTIVE_VISUAL_EVIDENCE,FINAL_CLASSIFIER_ROW_NON_DENOMINATOR_WHEN_UNCLASSIFIABLE,True,True
J131432.70+122718.5,GOLD,Dong2025_SDSS_LAMOST,matched,5,YANG2024_FINAL,APPLICABLE_FAIL_CLOSED_PER_REALIZATION,FINAL_CLASSIFIER_DENOMINATOR_IF_CLASSIFIABLE,True,False
J131432.70+122718.5,GOLD,Dong2025_SDSS_LAMOST,matched,5,GREEN2022_FINAL,APPLICABLE_SUPPORTED_VARIANCE,FINAL_CLASSIFIER_DENOMINATOR_IF_CLASSIFIABLE,True,False
J131432.70+122718.5,GOLD,Dong2025_SDSS_LAMOST,matched,5,MACLEOD2019_FINAL,UNCLASSIFIABLE_NO_PROSPECTIVE_VISUAL_EVIDENCE,FINAL_CLASSIFIER_ROW_NON_DENOMINATOR_WHEN_UNCLASSIFIABLE,True,True
J131432.70+122718.5,GOLD,Dong2025_SDSS_LAMOST,matched,10,YANG2024_FINAL,APPLICABLE_FAIL_CLOSED_PER_REALIZATION,FINAL_CLASSIFIER_DENOMINATOR_IF_CLASSIFIABLE,True,False
J131432.70+122718.5,GOLD,Dong2025_SDSS_LAMOST,matched,10,GREEN2022_FINAL,APPLICABLE_SUPPORTED_VARIANCE,FINAL_CLASSIFIER_DENOMINATOR_IF_CLASSIFIABLE,True,False
J131432.70+122718.5,GOLD,Dong2025_SDSS_LAMOST,matched,10,MACLEOD2019_FINAL,UNCLASSIFIABLE_NO_PROSPECTIVE_VISUAL_EVIDENCE,FINAL_CLASSIFIER_ROW_NON_DENOMINATOR_WHEN_UNCLASSIFIABLE,True,True
J132421.98+280238.3,GOLD,Dong2025_SDSS_LAMOST,faint_only,5,YANG2024_FINAL,APPLICABLE_FAIL_CLOSED_PER_REALIZATION,FINAL_CLASSIFIER_DENOMINATOR_IF_CLASSIFIABLE,True,False
J132421.98+280238.3,GOLD,Dong2025_SDSS_LAMOST,faint_only,5,GREEN2022_FINAL,APPLICABLE_SUPPORTED_VARIANCE,FINAL_CLASSIFIER_DENOMINATOR_IF_CLASSIFIABLE,True,False
J132421.98+280238.3,GOLD,Dong2025_SDSS_LAMOST,faint_only,5,MACLEOD2019_FINAL,UNCLASSIFIABLE_NO_PROSPECTIVE_VISUAL_EVIDENCE,FINAL_CLASSIFIER_ROW_NON_DENOMINATOR_WHEN_UNCLASSIFIABLE,True,True
J132421.98+280238.3,GOLD,Dong2025_SDSS_LAMOST,matched,5,YANG2024_FINAL,APPLICABLE_FAIL_CLOSED_PER_REALIZATION,FINAL_CLASSIFIER_DENOMINATOR_IF_CLASSIFIABLE,True,False
J132421.98+280238.3,GOLD,Dong2025_SDSS_LAMOST,matched,5,GREEN2022_FINAL,APPLICABLE_SUPPORTED_VARIANCE,FINAL_CLASSIFIER_DENOMINATOR_IF_CLASSIFIABLE,True,False
J132421.98+280238.3,GOLD,Dong2025_SDSS_LAMOST,matched,5,MACLEOD2019_FINAL,UNCLASSIFIABLE_NO_PROSPECTIVE_VISUAL_EVIDENCE,FINAL_CLASSIFIER_ROW_NON_DENOMINATOR_WHEN_UNCLASSIFIABLE,True,True
J133551.98+544450.1,GOLD,Dong2025_SDSS_LAMOST,faint_only,5,YANG2024_FINAL,APPLICABLE_FAIL_CLOSED_PER_REALIZATION,FINAL_CLASSIFIER_DENOMINATOR_IF_CLASSIFIABLE,True,False
J133551.98+544450.1,GOLD,Dong2025_SDSS_LAMOST,faint_only,5,GREEN2022_FINAL,APPLICABLE_SUPPORTED_VARIANCE,FINAL_CLASSIFIER_DENOMINATOR_IF_CLASSIFIABLE,True,False
J133551.98+544450.1,GOLD,Dong2025_SDSS_LAMOST,faint_only,5,MACLEOD2019_FINAL,UNCLASSIFIABLE_NO_PROSPECTIVE_VISUAL_EVIDENCE,FINAL_CLASSIFIER_ROW_NON_DENOMINATOR_WHEN_UNCLASSIFIABLE,True,True
J133551.98+544450.1,GOLD,Dong2025_SDSS_LAMOST,faint_only,10,YANG2024_FINAL,APPLICABLE_FAIL_CLOSED_PER_REALIZATION,FINAL_CLASSIFIER_DENOMINATOR_IF_CLASSIFIABLE,True,False
J133551.98+544450.1,GOLD,Dong2025_SDSS_LAMOST,faint_only,10,GREEN2022_FINAL,APPLICABLE_SUPPORTED_VARIANCE,FINAL_CLASSIFIER_DENOMINATOR_IF_CLASSIFIABLE,True,False
J133551.98+544450.1,GOLD,Dong2025_SDSS_LAMOST,faint_only,10,MACLEOD2019_FINAL,UNCLASSIFIABLE_NO_PROSPECTIVE_VISUAL_EVIDENCE,FINAL_CLASSIFIER_ROW_NON_DENOMINATOR_WHEN_UNCLASSIFIABLE,True,True
J133551.98+544450.1,GOLD,Dong2025_SDSS_LAMOST,matched,5,YANG2024_FINAL,APPLICABLE_FAIL_CLOSED_PER_REALIZATION,FINAL_CLASSIFIER_DENOMINATOR_IF_CLASSIFIABLE,True,False
J133551.98+544450.1,GOLD,Dong2025_SDSS_LAMOST,matched,5,GREEN2022_FINAL,APPLICABLE_SUPPORTED_VARIANCE,FINAL_CLASSIFIER_DENOMINATOR_IF_CLASSIFIABLE,True,False
J133551.98+544450.1,GOLD,Dong2025_SDSS_LAMOST,matched,5,MACLEOD2019_FINAL,UNCLASSIFIABLE_NO_PROSPECTIVE_VISUAL_EVIDENCE,FINAL_CLASSIFIER_ROW_NON_DENOMINATOR_WHEN_UNCLASSIFIABLE,True,True
J133551.98+544450.1,GOLD,Dong2025_SDSS_LAMOST,matched,10,YANG2024_FINAL,APPLICABLE_FAIL_CLOSED_PER_REALIZATION,FINAL_CLASSIFIER_DENOMINATOR_IF_CLASSIFIABLE,True,False
J133551.98+544450.1,GOLD,Dong2025_SDSS_LAMOST,matched,10,GREEN2022_FINAL,APPLICABLE_SUPPORTED_VARIANCE,FINAL_CLASSIFIER_DENOMINATOR_IF_CLASSIFIABLE,True,False
J133551.98+544450.1,GOLD,Dong2025_SDSS_LAMOST,matched,10,MACLEOD2019_FINAL,UNCLASSIFIABLE_NO_PROSPECTIVE_VISUAL_EVIDENCE,FINAL_CLASSIFIER_ROW_NON_DENOMINATOR_WHEN_UNCLASSIFIABLE,True,True
J134133.73+090356.7,GOLD,Dong2025_SDSS_LAMOST,faint_only,5,YANG2024_FINAL,UNCLASSIFIABLE_INSTRUMENT_DOMAIN,FINAL_CLASSIFIER_DENOMINATOR_IF_CLASSIFIABLE,True,True
J134133.73+090356.7,GOLD,Dong2025_SDSS_LAMOST,faint_only,5,GREEN2022_FINAL,UNCLASSIFIABLE_INSTRUMENT_DOMAIN,FINAL_CLASSIFIER_DENOMINATOR_IF_CLASSIFIABLE,True,True
J134133.73+090356.7,GOLD,Dong2025_SDSS_LAMOST,faint_only,5,MACLEOD2019_FINAL,UNCLASSIFIABLE_NO_PROSPECTIVE_VISUAL_EVIDENCE,FINAL_CLASSIFIER_ROW_NON_DENOMINATOR_WHEN_UNCLASSIFIABLE,True,True
J134133.73+090356.7,GOLD,Dong2025_SDSS_LAMOST,faint_only,10,YANG2024_FINAL,UNCLASSIFIABLE_INSTRUMENT_DOMAIN,FINAL_CLASSIFIER_DENOMINATOR_IF_CLASSIFIABLE,True,True
J134133.73+090356.7,GOLD,Dong2025_SDSS_LAMOST,faint_only,10,GREEN2022_FINAL,UNCLASSIFIABLE_INSTRUMENT_DOMAIN,FINAL_CLASSIFIER_DENOMINATOR_IF_CLASSIFIABLE,True,True
J134133.73+090356.7,GOLD,Dong2025_SDSS_LAMOST,faint_only,10,MACLEOD2019_FINAL,UNCLASSIFIABLE_NO_PROSPECTIVE_VISUAL_EVIDENCE,FINAL_CLASSIFIER_ROW_NON_DENOMINATOR_WHEN_UNCLASSIFIABLE,True,True
J134133.73+090356.7,GOLD,Dong2025_SDSS_LAMOST,matched,5,YANG2024_FINAL,UNCLASSIFIABLE_INSTRUMENT_DOMAIN,FINAL_CLASSIFIER_DENOMINATOR_IF_CLASSIFIABLE,True,True
J134133.73+090356.7,GOLD,Dong2025_SDSS_LAMOST,matched,5,GREEN2022_FINAL,UNCLASSIFIABLE_INSTRUMENT_DOMAIN,FINAL_CLASSIFIER_DENOMINATOR_IF_CLASSIFIABLE,True,True
J134133.73+090356.7,GOLD,Dong2025_SDSS_LAMOST,matched,5,MACLEOD2019_FINAL,UNCLASSIFIABLE_NO_PROSPECTIVE_VISUAL_EVIDENCE,FINAL_CLASSIFIER_ROW_NON_DENOMINATOR_WHEN_UNCLASSIFIABLE,True,True
J134133.73+090356.7,GOLD,Dong2025_SDSS_LAMOST,matched,10,YANG2024_FINAL,UNCLASSIFIABLE_INSTRUMENT_DOMAIN,FINAL_CLASSIFIER_DENOMINATOR_IF_CLASSIFIABLE,True,True
J134133.73+090356.7,GOLD,Dong2025_SDSS_LAMOST,matched,10,GREEN2022_FINAL,UNCLASSIFIABLE_INSTRUMENT_DOMAIN,FINAL_CLASSIFIER_DENOMINATOR_IF_CLASSIFIABLE,True,True
J134133.73+090356.7,GOLD,Dong2025_SDSS_LAMOST,matched,10,MACLEOD2019_FINAL,UNCLASSIFIABLE_NO_PROSPECTIVE_VISUAL_EVIDENCE,FINAL_CLASSIFIER_ROW_NON_DENOMINATOR_WHEN_UNCLASSIFIABLE,True,True
J135255.68+252859.6,GOLD,Dong2025_SDSS_LAMOST,faint_only,5,YANG2024_FINAL,APPLICABLE_FAIL_CLOSED_PER_REALIZATION,FINAL_CLASSIFIER_DENOMINATOR_IF_CLASSIFIABLE,True,False
J135255.68+252859.6,GOLD,Dong2025_SDSS_LAMOST,faint_only,5,GREEN2022_FINAL,APPLICABLE_SUPPORTED_VARIANCE,FINAL_CLASSIFIER_DENOMINATOR_IF_CLASSIFIABLE,True,False
J135255.68+252859.6,GOLD,Dong2025_SDSS_LAMOST,faint_only,5,MACLEOD2019_FINAL,UNCLASSIFIABLE_NO_PROSPECTIVE_VISUAL_EVIDENCE,FINAL_CLASSIFIER_ROW_NON_DENOMINATOR_WHEN_UNCLASSIFIABLE,True,True
J135255.68+252859.6,GOLD,Dong2025_SDSS_LAMOST,faint_only,10,YANG2024_FINAL,APPLICABLE_FAIL_CLOSED_PER_REALIZATION,FINAL_CLASSIFIER_DENOMINATOR_IF_CLASSIFIABLE,True,False
J135255.68+252859.6,GOLD,Dong2025_SDSS_LAMOST,faint_only,10,GREEN2022_FINAL,APPLICABLE_SUPPORTED_VARIANCE,FINAL_CLASSIFIER_DENOMINATOR_IF_CLASSIFIABLE,True,False
J135255.68+252859.6,GOLD,Dong2025_SDSS_LAMOST,faint_only,10,MACLEOD2019_FINAL,UNCLASSIFIABLE_NO_PROSPECTIVE_VISUAL_EVIDENCE,FINAL_CLASSIFIER_ROW_NON_DENOMINATOR_WHEN_UNCLASSIFIABLE,True,True
J135255.68+252859.6,GOLD,Dong2025_SDSS_LAMOST,matched,5,YANG2024_FINAL,APPLICABLE_FAIL_CLOSED_PER_REALIZATION,FINAL_CLASSIFIER_DENOMINATOR_IF_CLASSIFIABLE,True,False
J135255.68+252859.6,GOLD,Dong2025_SDSS_LAMOST,matched,5,GREEN2022_FINAL,APPLICABLE_SUPPORTED_VARIANCE,FINAL_CLASSIFIER_DENOMINATOR_IF_CLASSIFIABLE,True,False
J135255.68+252859.6,GOLD,Dong2025_SDSS_LAMOST,matched,5,MACLEOD2019_FINAL,UNCLASSIFIABLE_NO_PROSPECTIVE_VISUAL_EVIDENCE,FINAL_CLASSIFIER_ROW_NON_DENOMINATOR_WHEN_UNCLASSIFIABLE,True,True
J135255.68+252859.6,GOLD,Dong2025_SDSS_LAMOST,matched,10,YANG2024_FINAL,APPLICABLE_FAIL_CLOSED_PER_REALIZATION,FINAL_CLASSIFIER_DENOMINATOR_IF_CLASSIFIABLE,True,False
J135255.68+252859.6,GOLD,Dong2025_SDSS_LAMOST,matched,10,GREEN2022_FINAL,APPLICABLE_SUPPORTED_VARIANCE,FINAL_CLASSIFIER_DENOMINATOR_IF_CLASSIFIABLE,True,False
J135255.68+252859.6,GOLD,Dong2025_SDSS_LAMOST,matched,10,MACLEOD2019_FINAL,UNCLASSIFIABLE_NO_PROSPECTIVE_VISUAL_EVIDENCE,FINAL_CLASSIFIER_ROW_NON_DENOMINATOR_WHEN_UNCLASSIFIABLE,True,True
J135750.26+614309.0,GOLD,Zeltyn2024_SDSSV,faint_only,5,YANG2024_FINAL,APPLICABLE_FAIL_CLOSED_PER_REALIZATION,FINAL_CLASSIFIER_DENOMINATOR_IF_CLASSIFIABLE,True,False
J135750.26+614309.0,GOLD,Zeltyn2024_SDSSV,faint_only,5,GREEN2022_FINAL,UNCLASSIFIABLE_INSTRUMENT_DOMAIN,FINAL_CLASSIFIER_DENOMINATOR_IF_CLASSIFIABLE,True,True
J135750.26+614309.0,GOLD,Zeltyn2024_SDSSV,faint_only,5,MACLEOD2019_FINAL,UNCLASSIFIABLE_NO_PROSPECTIVE_VISUAL_EVIDENCE,FINAL_CLASSIFIER_ROW_NON_DENOMINATOR_WHEN_UNCLASSIFIABLE,True,True
J135750.26+614309.0,GOLD,Zeltyn2024_SDSSV,matched,5,YANG2024_FINAL,APPLICABLE_FAIL_CLOSED_PER_REALIZATION,FINAL_CLASSIFIER_DENOMINATOR_IF_CLASSIFIABLE,True,False
J135750.26+614309.0,GOLD,Zeltyn2024_SDSSV,matched,5,GREEN2022_FINAL,UNCLASSIFIABLE_INSTRUMENT_DOMAIN,FINAL_CLASSIFIER_DENOMINATOR_IF_CLASSIFIABLE,True,True
J135750.26+614309.0,GOLD,Zeltyn2024_SDSSV,matched,5,MACLEOD2019_FINAL,UNCLASSIFIABLE_NO_PROSPECTIVE_VISUAL_EVIDENCE,FINAL_CLASSIFIER_ROW_NON_DENOMINATOR_WHEN_UNCLASSIFIABLE,True,True
J140207.59+284859.3,GOLD,Dong2025_SDSS_LAMOST,faint_only,5,YANG2024_FINAL,APPLICABLE_FAIL_CLOSED_PER_REALIZATION,FINAL_CLASSIFIER_DENOMINATOR_IF_CLASSIFIABLE,True,False
J140207.59+284859.3,GOLD,Dong2025_SDSS_LAMOST,faint_only,5,GREEN2022_FINAL,APPLICABLE_SUPPORTED_VARIANCE,FINAL_CLASSIFIER_DENOMINATOR_IF_CLASSIFIABLE,True,False
J140207.59+284859.3,GOLD,Dong2025_SDSS_LAMOST,faint_only,5,MACLEOD2019_FINAL,UNCLASSIFIABLE_NO_PROSPECTIVE_VISUAL_EVIDENCE,FINAL_CLASSIFIER_ROW_NON_DENOMINATOR_WHEN_UNCLASSIFIABLE,True,True
J140207.59+284859.3,GOLD,Dong2025_SDSS_LAMOST,matched,5,YANG2024_FINAL,APPLICABLE_FAIL_CLOSED_PER_REALIZATION,FINAL_CLASSIFIER_DENOMINATOR_IF_CLASSIFIABLE,True,False
J140207.59+284859.3,GOLD,Dong2025_SDSS_LAMOST,matched,5,GREEN2022_FINAL,APPLICABLE_SUPPORTED_VARIANCE,FINAL_CLASSIFIER_DENOMINATOR_IF_CLASSIFIABLE,True,False
J140207.59+284859.3,GOLD,Dong2025_SDSS_LAMOST,matched,5,MACLEOD2019_FINAL,UNCLASSIFIABLE_NO_PROSPECTIVE_VISUAL_EVIDENCE,FINAL_CLASSIFIER_ROW_NON_DENOMINATOR_WHEN_UNCLASSIFIABLE,True,True
J140515.59+542458.0,GOLD,Zeltyn2024_SDSSV,faint_only,5,YANG2024_FINAL,APPLICABLE_FAIL_CLOSED_PER_REALIZATION,FINAL_CLASSIFIER_DENOMINATOR_IF_CLASSIFIABLE,True,False
J140515.59+542458.0,GOLD,Zeltyn2024_SDSSV,faint_only,5,GREEN2022_FINAL,APPLICABLE_SUPPORTED_VARIANCE,FINAL_CLASSIFIER_DENOMINATOR_IF_CLASSIFIABLE,True,False
J140515.59+542458.0,GOLD,Zeltyn2024_SDSSV,faint_only,5,MACLEOD2019_FINAL,UNCLASSIFIABLE_NO_PROSPECTIVE_VISUAL_EVIDENCE,FINAL_CLASSIFIER_ROW_NON_DENOMINATOR_WHEN_UNCLASSIFIABLE,True,True
J140515.59+542458.0,GOLD,Zeltyn2024_SDSSV,faint_only,10,YANG2024_FINAL,APPLICABLE_FAIL_CLOSED_PER_REALIZATION,FINAL_CLASSIFIER_DENOMINATOR_IF_CLASSIFIABLE,True,False
J140515.59+542458.0,GOLD,Zeltyn2024_SDSSV,faint_only,10,GREEN2022_FINAL,APPLICABLE_SUPPORTED_VARIANCE,FINAL_CLASSIFIER_DENOMINATOR_IF_CLASSIFIABLE,True,False
J140515.59+542458.0,GOLD,Zeltyn2024_SDSSV,faint_only,10,MACLEOD2019_FINAL,UNCLASSIFIABLE_NO_PROSPECTIVE_VISUAL_EVIDENCE,FINAL_CLASSIFIER_ROW_NON_DENOMINATOR_WHEN_UNCLASSIFIABLE,True,True
J140515.59+542458.0,GOLD,Zeltyn2024_SDSSV,matched,5,YANG2024_FINAL,APPLICABLE_FAIL_CLOSED_PER_REALIZATION,FINAL_CLASSIFIER_DENOMINATOR_IF_CLASSIFIABLE,True,False
J140515.59+542458.0,GOLD,Zeltyn2024_SDSSV,matched,5,GREEN2022_FINAL,APPLICABLE_SUPPORTED_VARIANCE,FINAL_CLASSIFIER_DENOMINATOR_IF_CLASSIFIABLE,True,False
J140515.59+542458.0,GOLD,Zeltyn2024_SDSSV,matched,5,MACLEOD2019_FINAL,UNCLASSIFIABLE_NO_PROSPECTIVE_VISUAL_EVIDENCE,FINAL_CLASSIFIER_ROW_NON_DENOMINATOR_WHEN_UNCLASSIFIABLE,True,True
J140515.59+542458.0,GOLD,Zeltyn2024_SDSSV,matched,10,YANG2024_FINAL,APPLICABLE_FAIL_CLOSED_PER_REALIZATION,FINAL_CLASSIFIER_DENOMINATOR_IF_CLASSIFIABLE,True,False
J140515.59+542458.0,GOLD,Zeltyn2024_SDSSV,matched,10,GREEN2022_FINAL,APPLICABLE_SUPPORTED_VARIANCE,FINAL_CLASSIFIER_DENOMINATOR_IF_CLASSIFIABLE,True,False
J140515.59+542458.0,GOLD,Zeltyn2024_SDSSV,matched,10,MACLEOD2019_FINAL,UNCLASSIFIABLE_NO_PROSPECTIVE_VISUAL_EVIDENCE,FINAL_CLASSIFIER_ROW_NON_DENOMINATOR_WHEN_UNCLASSIFIABLE,True,True
J150026.17+374732.4,GOLD,Dong2025_SDSS_LAMOST,faint_only,5,YANG2024_FINAL,APPLICABLE_FAIL_CLOSED_PER_REALIZATION,FINAL_CLASSIFIER_DENOMINATOR_IF_CLASSIFIABLE,True,False
J150026.17+374732.4,GOLD,Dong2025_SDSS_LAMOST,faint_only,5,GREEN2022_FINAL,APPLICABLE_SUPPORTED_VARIANCE,FINAL_CLASSIFIER_DENOMINATOR_IF_CLASSIFIABLE,True,False
J150026.17+374732.4,GOLD,Dong2025_SDSS_LAMOST,faint_only,5,MACLEOD2019_FINAL,UNCLASSIFIABLE_NO_PROSPECTIVE_VISUAL_EVIDENCE,FINAL_CLASSIFIER_ROW_NON_DENOMINATOR_WHEN_UNCLASSIFIABLE,True,True
J150026.17+374732.4,GOLD,Dong2025_SDSS_LAMOST,matched,5,YANG2024_FINAL,APPLICABLE_FAIL_CLOSED_PER_REALIZATION,FINAL_CLASSIFIER_DENOMINATOR_IF_CLASSIFIABLE,True,False
J150026.17+374732.4,GOLD,Dong2025_SDSS_LAMOST,matched,5,GREEN2022_FINAL,APPLICABLE_SUPPORTED_VARIANCE,FINAL_CLASSIFIER_DENOMINATOR_IF_CLASSIFIABLE,True,False
J150026.17+374732.4,GOLD,Dong2025_SDSS_LAMOST,matched,5,MACLEOD2019_FINAL,UNCLASSIFIABLE_NO_PROSPECTIVE_VISUAL_EVIDENCE,FINAL_CLASSIFIER_ROW_NON_DENOMINATOR_WHEN_UNCLASSIFIABLE,True,True
J152904.77+024640.4,GOLD,Dong2025_SDSS_LAMOST,faint_only,5,YANG2024_FINAL,APPLICABLE_FAIL_CLOSED_PER_REALIZATION,FINAL_CLASSIFIER_DENOMINATOR_IF_CLASSIFIABLE,True,False
J152904.77+024640.4,GOLD,Dong2025_SDSS_LAMOST,faint_only,5,GREEN2022_FINAL,APPLICABLE_SUPPORTED_VARIANCE,FINAL_CLASSIFIER_DENOMINATOR_IF_CLASSIFIABLE,True,False
J152904.77+024640.4,GOLD,Dong2025_SDSS_LAMOST,faint_only,5,MACLEOD2019_FINAL,UNCLASSIFIABLE_NO_PROSPECTIVE_VISUAL_EVIDENCE,FINAL_CLASSIFIER_ROW_NON_DENOMINATOR_WHEN_UNCLASSIFIABLE,True,True
J152904.77+024640.4,GOLD,Dong2025_SDSS_LAMOST,matched,5,YANG2024_FINAL,APPLICABLE_FAIL_CLOSED_PER_REALIZATION,FINAL_CLASSIFIER_DENOMINATOR_IF_CLASSIFIABLE,True,False
J152904.77+024640.4,GOLD,Dong2025_SDSS_LAMOST,matched,5,GREEN2022_FINAL,APPLICABLE_SUPPORTED_VARIANCE,FINAL_CLASSIFIER_DENOMINATOR_IF_CLASSIFIABLE,True,False
J152904.77+024640.4,GOLD,Dong2025_SDSS_LAMOST,matched,5,MACLEOD2019_FINAL,UNCLASSIFIABLE_NO_PROSPECTIVE_VISUAL_EVIDENCE,FINAL_CLASSIFIER_ROW_NON_DENOMINATOR_WHEN_UNCLASSIFIABLE,True,True
J160157.53+490207.8,GOLD,Dong2025_SDSS_LAMOST,faint_only,5,YANG2024_FINAL,APPLICABLE_FAIL_CLOSED_PER_REALIZATION,FINAL_CLASSIFIER_DENOMINATOR_IF_CLASSIFIABLE,True,False
J160157.53+490207.8,GOLD,Dong2025_SDSS_LAMOST,faint_only,5,GREEN2022_FINAL,APPLICABLE_SUPPORTED_VARIANCE,FINAL_CLASSIFIER_DENOMINATOR_IF_CLASSIFIABLE,True,False
J160157.53+490207.8,GOLD,Dong2025_SDSS_LAMOST,faint_only,5,MACLEOD2019_FINAL,UNCLASSIFIABLE_NO_PROSPECTIVE_VISUAL_EVIDENCE,FINAL_CLASSIFIER_ROW_NON_DENOMINATOR_WHEN_UNCLASSIFIABLE,True,True
J160157.53+490207.8,GOLD,Dong2025_SDSS_LAMOST,matched,5,YANG2024_FINAL,APPLICABLE_FAIL_CLOSED_PER_REALIZATION,FINAL_CLASSIFIER_DENOMINATOR_IF_CLASSIFIABLE,True,False
J160157.53+490207.8,GOLD,Dong2025_SDSS_LAMOST,matched,5,GREEN2022_FINAL,APPLICABLE_SUPPORTED_VARIANCE,FINAL_CLASSIFIER_DENOMINATOR_IF_CLASSIFIABLE,True,False
J160157.53+490207.8,GOLD,Dong2025_SDSS_LAMOST,matched,5,MACLEOD2019_FINAL,UNCLASSIFIABLE_NO_PROSPECTIVE_VISUAL_EVIDENCE,FINAL_CLASSIFIER_ROW_NON_DENOMINATOR_WHEN_UNCLASSIFIABLE,True,True
SDSSJ000236.25-002724.8,GOLD,Potts2021,faint_only,5,YANG2024_FINAL,APPLICABLE_FAIL_CLOSED_PER_REALIZATION,FINAL_CLASSIFIER_DENOMINATOR_IF_CLASSIFIABLE,True,False
SDSSJ000236.25-002724.8,GOLD,Potts2021,faint_only,5,GREEN2022_FINAL,APPLICABLE_NATIVE_SDSS_VARIANCE_SUPPORTED,FINAL_CLASSIFIER_DENOMINATOR_IF_CLASSIFIABLE,True,False
SDSSJ000236.25-002724.8,GOLD,Potts2021,faint_only,5,MACLEOD2019_FINAL,UNCLASSIFIABLE_NO_PROSPECTIVE_VISUAL_EVIDENCE,FINAL_CLASSIFIER_ROW_NON_DENOMINATOR_WHEN_UNCLASSIFIABLE,True,True
SDSSJ000236.25-002724.8,GOLD,Potts2021,faint_only,10,YANG2024_FINAL,APPLICABLE_FAIL_CLOSED_PER_REALIZATION,FINAL_CLASSIFIER_DENOMINATOR_IF_CLASSIFIABLE,True,False
SDSSJ000236.25-002724.8,GOLD,Potts2021,faint_only,10,GREEN2022_FINAL,APPLICABLE_NATIVE_SDSS_VARIANCE_SUPPORTED,FINAL_CLASSIFIER_DENOMINATOR_IF_CLASSIFIABLE,True,False
SDSSJ000236.25-002724.8,GOLD,Potts2021,faint_only,10,MACLEOD2019_FINAL,UNCLASSIFIABLE_NO_PROSPECTIVE_VISUAL_EVIDENCE,FINAL_CLASSIFIER_ROW_NON_DENOMINATOR_WHEN_UNCLASSIFIABLE,True,True
SDSSJ000236.25-002724.8,GOLD,Potts2021,matched,5,YANG2024_FINAL,APPLICABLE_FAIL_CLOSED_PER_REALIZATION,FINAL_CLASSIFIER_DENOMINATOR_IF_CLASSIFIABLE,True,False
SDSSJ000236.25-002724.8,GOLD,Potts2021,matched,5,GREEN2022_FINAL,APPLICABLE_NATIVE_SDSS_VARIANCE_SUPPORTED,FINAL_CLASSIFIER_DENOMINATOR_IF_CLASSIFIABLE,True,False
SDSSJ000236.25-002724.8,GOLD,Potts2021,matched,5,MACLEOD2019_FINAL,UNCLASSIFIABLE_NO_PROSPECTIVE_VISUAL_EVIDENCE,FINAL_CLASSIFIER_ROW_NON_DENOMINATOR_WHEN_UNCLASSIFIABLE,True,True
SDSSJ000236.25-002724.8,GOLD,Potts2021,matched,10,YANG2024_FINAL,APPLICABLE_FAIL_CLOSED_PER_REALIZATION,FINAL_CLASSIFIER_DENOMINATOR_IF_CLASSIFIABLE,True,False
SDSSJ000236.25-002724.8,GOLD,Potts2021,matched,10,GREEN2022_FINAL,APPLICABLE_NATIVE_SDSS_VARIANCE_SUPPORTED,FINAL_CLASSIFIER_DENOMINATOR_IF_CLASSIFIABLE,True,False
SDSSJ000236.25-002724.8,GOLD,Potts2021,matched,10,MACLEOD2019_FINAL,UNCLASSIFIABLE_NO_PROSPECTIVE_VISUAL_EVIDENCE,FINAL_CLASSIFIER_ROW_NON_DENOMINATOR_WHEN_UNCLASSIFIABLE,True,True
SDSSJ012648.08-083948.0,GOLD,Ruan2016,faint_only,5,YANG2024_FINAL,UNCLASSIFIABLE_NATIVE_BRIGHT_FIT_INVALID,FINAL_CLASSIFIER_DENOMINATOR_IF_CLASSIFIABLE,True,True
SDSSJ012648.08-083948.0,GOLD,Ruan2016,faint_only,5,GREEN2022_FINAL,APPLICABLE_NATIVE_SDSS_VARIANCE_SUPPORTED,FINAL_CLASSIFIER_DENOMINATOR_IF_CLASSIFIABLE,True,False
SDSSJ012648.08-083948.0,GOLD,Ruan2016,faint_only,5,MACLEOD2019_FINAL,UNCLASSIFIABLE_NO_PROSPECTIVE_VISUAL_EVIDENCE,FINAL_CLASSIFIER_ROW_NON_DENOMINATOR_WHEN_UNCLASSIFIABLE,True,True
SDSSJ012648.08-083948.0,GOLD,Ruan2016,faint_only,10,YANG2024_FINAL,UNCLASSIFIABLE_NATIVE_BRIGHT_FIT_INVALID,FINAL_CLASSIFIER_DENOMINATOR_IF_CLASSIFIABLE,True,True
SDSSJ012648.08-083948.0,GOLD,Ruan2016,faint_only,10,GREEN2022_FINAL,APPLICABLE_NATIVE_SDSS_VARIANCE_SUPPORTED,FINAL_CLASSIFIER_DENOMINATOR_IF_CLASSIFIABLE,True,False
SDSSJ012648.08-083948.0,GOLD,Ruan2016,faint_only,10,MACLEOD2019_FINAL,UNCLASSIFIABLE_NO_PROSPECTIVE_VISUAL_EVIDENCE,FINAL_CLASSIFIER_ROW_NON_DENOMINATOR_WHEN_UNCLASSIFIABLE,True,True
SDSSJ012648.08-083948.0,GOLD,Ruan2016,matched,5,YANG2024_FINAL,APPLICABLE_FAIL_CLOSED_PER_REALIZATION,FINAL_CLASSIFIER_DENOMINATOR_IF_CLASSIFIABLE,True,False
SDSSJ012648.08-083948.0,GOLD,Ruan2016,matched,5,GREEN2022_FINAL,APPLICABLE_NATIVE_SDSS_VARIANCE_SUPPORTED,FINAL_CLASSIFIER_DENOMINATOR_IF_CLASSIFIABLE,True,False
SDSSJ012648.08-083948.0,GOLD,Ruan2016,matched,5,MACLEOD2019_FINAL,UNCLASSIFIABLE_NO_PROSPECTIVE_VISUAL_EVIDENCE,FINAL_CLASSIFIER_ROW_NON_DENOMINATOR_WHEN_UNCLASSIFIABLE,True,True
SDSSJ012648.08-083948.0,GOLD,Ruan2016,matched,10,YANG2024_FINAL,APPLICABLE_FAIL_CLOSED_PER_REALIZATION,FINAL_CLASSIFIER_DENOMINATOR_IF_CLASSIFIABLE,True,False
SDSSJ012648.08-083948.0,GOLD,Ruan2016,matched,10,GREEN2022_FINAL,APPLICABLE_NATIVE_SDSS_VARIANCE_SUPPORTED,FINAL_CLASSIFIER_DENOMINATOR_IF_CLASSIFIABLE,True,False
SDSSJ012648.08-083948.0,GOLD,Ruan2016,matched,10,MACLEOD2019_FINAL,UNCLASSIFIABLE_NO_PROSPECTIVE_VISUAL_EVIDENCE,FINAL_CLASSIFIER_ROW_NON_DENOMINATOR_WHEN_UNCLASSIFIABLE,True,True
SDSSJ015957.64+003310.4,GOLD,LaMassa2015,faint_only,5,YANG2024_FINAL,UNCLASSIFIABLE_STATIC_NATIVE_BRIGHT_HBETA_COVERAGE,FINAL_CLASSIFIER_DENOMINATOR_IF_CLASSIFIABLE,True,True
SDSSJ015957.64+003310.4,GOLD,LaMassa2015,faint_only,5,GREEN2022_FINAL,APPLICABLE_NATIVE_SDSS_VARIANCE_SUPPORTED,FINAL_CLASSIFIER_DENOMINATOR_IF_CLASSIFIABLE,True,False
SDSSJ015957.64+003310.4,GOLD,LaMassa2015,faint_only,5,MACLEOD2019_FINAL,UNCLASSIFIABLE_NO_PROSPECTIVE_VISUAL_EVIDENCE,FINAL_CLASSIFIER_ROW_NON_DENOMINATOR_WHEN_UNCLASSIFIABLE,True,True
SDSSJ015957.64+003310.4,GOLD,LaMassa2015,faint_only,10,YANG2024_FINAL,UNCLASSIFIABLE_STATIC_NATIVE_BRIGHT_HBETA_COVERAGE,FINAL_CLASSIFIER_DENOMINATOR_IF_CLASSIFIABLE,True,True
SDSSJ015957.64+003310.4,GOLD,LaMassa2015,faint_only,10,GREEN2022_FINAL,APPLICABLE_NATIVE_SDSS_VARIANCE_SUPPORTED,FINAL_CLASSIFIER_DENOMINATOR_IF_CLASSIFIABLE,True,False
SDSSJ015957.64+003310.4,GOLD,LaMassa2015,faint_only,10,MACLEOD2019_FINAL,UNCLASSIFIABLE_NO_PROSPECTIVE_VISUAL_EVIDENCE,FINAL_CLASSIFIER_ROW_NON_DENOMINATOR_WHEN_UNCLASSIFIABLE,True,True
SDSSJ015957.64+003310.4,GOLD,LaMassa2015,matched,5,YANG2024_FINAL,UNCLASSIFIABLE_STATIC_NATIVE_BRIGHT_HBETA_COVERAGE,FINAL_CLASSIFIER_DENOMINATOR_IF_CLASSIFIABLE,True,True
SDSSJ015957.64+003310.4,GOLD,LaMassa2015,matched,5,GREEN2022_FINAL,APPLICABLE_NATIVE_SDSS_VARIANCE_SUPPORTED,FINAL_CLASSIFIER_DENOMINATOR_IF_CLASSIFIABLE,True,False
SDSSJ015957.64+003310.4,GOLD,LaMassa2015,matched,5,MACLEOD2019_FINAL,UNCLASSIFIABLE_NO_PROSPECTIVE_VISUAL_EVIDENCE,FINAL_CLASSIFIER_ROW_NON_DENOMINATOR_WHEN_UNCLASSIFIABLE,True,True
SDSSJ015957.64+003310.4,GOLD,LaMassa2015,matched,10,YANG2024_FINAL,UNCLASSIFIABLE_STATIC_NATIVE_BRIGHT_HBETA_COVERAGE,FINAL_CLASSIFIER_DENOMINATOR_IF_CLASSIFIABLE,True,True
SDSSJ015957.64+003310.4,GOLD,LaMassa2015,matched,10,GREEN2022_FINAL,APPLICABLE_NATIVE_SDSS_VARIANCE_SUPPORTED,FINAL_CLASSIFIER_DENOMINATOR_IF_CLASSIFIABLE,True,False
SDSSJ015957.64+003310.4,GOLD,LaMassa2015,matched,10,MACLEOD2019_FINAL,UNCLASSIFIABLE_NO_PROSPECTIVE_VISUAL_EVIDENCE,FINAL_CLASSIFIER_ROW_NON_DENOMINATOR_WHEN_UNCLASSIFIABLE,True,True
SDSSJ021359.79+004226.81,GOLD,Green2022,faint_only,5,YANG2024_FINAL,APPLICABLE_FAIL_CLOSED_PER_REALIZATION,FINAL_CLASSIFIER_DENOMINATOR_IF_CLASSIFIABLE,True,False
SDSSJ021359.79+004226.81,GOLD,Green2022,faint_only,5,GREEN2022_FINAL,APPLICABLE_NATIVE_SDSS_VARIANCE_SUPPORTED,FINAL_CLASSIFIER_DENOMINATOR_IF_CLASSIFIABLE,False,False
SDSSJ021359.79+004226.81,GOLD,Green2022,faint_only,5,MACLEOD2019_FINAL,UNCLASSIFIABLE_NO_PROSPECTIVE_VISUAL_EVIDENCE,FINAL_CLASSIFIER_ROW_NON_DENOMINATOR_WHEN_UNCLASSIFIABLE,True,True
SDSSJ021359.79+004226.81,GOLD,Green2022,faint_only,10,YANG2024_FINAL,APPLICABLE_FAIL_CLOSED_PER_REALIZATION,FINAL_CLASSIFIER_DENOMINATOR_IF_CLASSIFIABLE,True,False
SDSSJ021359.79+004226.81,GOLD,Green2022,faint_only,10,GREEN2022_FINAL,APPLICABLE_NATIVE_SDSS_VARIANCE_SUPPORTED,FINAL_CLASSIFIER_DENOMINATOR_IF_CLASSIFIABLE,False,False
SDSSJ021359.79+004226.81,GOLD,Green2022,faint_only,10,MACLEOD2019_FINAL,UNCLASSIFIABLE_NO_PROSPECTIVE_VISUAL_EVIDENCE,FINAL_CLASSIFIER_ROW_NON_DENOMINATOR_WHEN_UNCLASSIFIABLE,True,True
SDSSJ021359.79+004226.81,GOLD,Green2022,matched,5,YANG2024_FINAL,APPLICABLE_FAIL_CLOSED_PER_REALIZATION,FINAL_CLASSIFIER_DENOMINATOR_IF_CLASSIFIABLE,True,False
SDSSJ021359.79+004226.81,GOLD,Green2022,matched,5,GREEN2022_FINAL,APPLICABLE_NATIVE_SDSS_VARIANCE_SUPPORTED,FINAL_CLASSIFIER_DENOMINATOR_IF_CLASSIFIABLE,False,False
SDSSJ021359.79+004226.81,GOLD,Green2022,matched,5,MACLEOD2019_FINAL,UNCLASSIFIABLE_NO_PROSPECTIVE_VISUAL_EVIDENCE,FINAL_CLASSIFIER_ROW_NON_DENOMINATOR_WHEN_UNCLASSIFIABLE,True,True
SDSSJ021359.79+004226.81,GOLD,Green2022,matched,10,YANG2024_FINAL,APPLICABLE_FAIL_CLOSED_PER_REALIZATION,FINAL_CLASSIFIER_DENOMINATOR_IF_CLASSIFIABLE,True,False
SDSSJ021359.79+004226.81,GOLD,Green2022,matched,10,GREEN2022_FINAL,APPLICABLE_NATIVE_SDSS_VARIANCE_SUPPORTED,FINAL_CLASSIFIER_DENOMINATOR_IF_CLASSIFIABLE,False,False
SDSSJ021359.79+004226.81,GOLD,Green2022,matched,10,MACLEOD2019_FINAL,UNCLASSIFIABLE_NO_PROSPECTIVE_VISUAL_EVIDENCE,FINAL_CLASSIFIER_ROW_NON_DENOMINATOR_WHEN_UNCLASSIFIABLE,True,True
SDSSJ082942.66+415436.8,GOLD,Potts2021,faint_only,5,YANG2024_FINAL,UNCLASSIFIABLE_NATIVE_BRIGHT_FIT_INVALID,FINAL_CLASSIFIER_DENOMINATOR_IF_CLASSIFIABLE,True,True
SDSSJ082942.66+415436.8,GOLD,Potts2021,faint_only,5,GREEN2022_FINAL,APPLICABLE_NATIVE_SDSS_VARIANCE_SUPPORTED,FINAL_CLASSIFIER_DENOMINATOR_IF_CLASSIFIABLE,True,False
SDSSJ082942.66+415436.8,GOLD,Potts2021,faint_only,5,MACLEOD2019_FINAL,UNCLASSIFIABLE_NO_PROSPECTIVE_VISUAL_EVIDENCE,FINAL_CLASSIFIER_ROW_NON_DENOMINATOR_WHEN_UNCLASSIFIABLE,True,True
SDSSJ082942.66+415436.8,GOLD,Potts2021,faint_only,10,YANG2024_FINAL,UNCLASSIFIABLE_NATIVE_BRIGHT_FIT_INVALID,FINAL_CLASSIFIER_DENOMINATOR_IF_CLASSIFIABLE,True,True
SDSSJ082942.66+415436.8,GOLD,Potts2021,faint_only,10,GREEN2022_FINAL,APPLICABLE_NATIVE_SDSS_VARIANCE_SUPPORTED,FINAL_CLASSIFIER_DENOMINATOR_IF_CLASSIFIABLE,True,False
SDSSJ082942.66+415436.8,GOLD,Potts2021,faint_only,10,MACLEOD2019_FINAL,UNCLASSIFIABLE_NO_PROSPECTIVE_VISUAL_EVIDENCE,FINAL_CLASSIFIER_ROW_NON_DENOMINATOR_WHEN_UNCLASSIFIABLE,True,True
SDSSJ082942.66+415436.8,GOLD,Potts2021,matched,5,YANG2024_FINAL,APPLICABLE_FAIL_CLOSED_PER_REALIZATION,FINAL_CLASSIFIER_DENOMINATOR_IF_CLASSIFIABLE,True,False
SDSSJ082942.66+415436.8,GOLD,Potts2021,matched,5,GREEN2022_FINAL,APPLICABLE_NATIVE_SDSS_VARIANCE_SUPPORTED,FINAL_CLASSIFIER_DENOMINATOR_IF_CLASSIFIABLE,True,False
SDSSJ082942.66+415436.8,GOLD,Potts2021,matched,5,MACLEOD2019_FINAL,UNCLASSIFIABLE_NO_PROSPECTIVE_VISUAL_EVIDENCE,FINAL_CLASSIFIER_ROW_NON_DENOMINATOR_WHEN_UNCLASSIFIABLE,True,True
SDSSJ082942.66+415436.8,GOLD,Potts2021,matched,10,YANG2024_FINAL,APPLICABLE_FAIL_CLOSED_PER_REALIZATION,FINAL_CLASSIFIER_DENOMINATOR_IF_CLASSIFIABLE,True,False
SDSSJ082942.66+415436.8,GOLD,Potts2021,matched,10,GREEN2022_FINAL,APPLICABLE_NATIVE_SDSS_VARIANCE_SUPPORTED,FINAL_CLASSIFIER_DENOMINATOR_IF_CLASSIFIABLE,True,False
SDSSJ082942.66+415436.8,GOLD,Potts2021,matched,10,MACLEOD2019_FINAL,UNCLASSIFIABLE_NO_PROSPECTIVE_VISUAL_EVIDENCE,FINAL_CLASSIFIER_ROW_NON_DENOMINATOR_WHEN_UNCLASSIFIABLE,True,True
SDSSJ101152.98+544206.4,GOLD,Runnoe2016,faint_only,5,YANG2024_FINAL,APPLICABLE_FAIL_CLOSED_PER_REALIZATION,FINAL_CLASSIFIER_DENOMINATOR_IF_CLASSIFIABLE,True,False
SDSSJ101152.98+544206.4,GOLD,Runnoe2016,faint_only,5,GREEN2022_FINAL,APPLICABLE_NATIVE_SDSS_VARIANCE_SUPPORTED,FINAL_CLASSIFIER_DENOMINATOR_IF_CLASSIFIABLE,True,False
SDSSJ101152.98+544206.4,GOLD,Runnoe2016,faint_only,5,MACLEOD2019_FINAL,UNCLASSIFIABLE_NO_PROSPECTIVE_VISUAL_EVIDENCE,FINAL_CLASSIFIER_ROW_NON_DENOMINATOR_WHEN_UNCLASSIFIABLE,True,True
SDSSJ101152.98+544206.4,GOLD,Runnoe2016,faint_only,10,YANG2024_FINAL,APPLICABLE_FAIL_CLOSED_PER_REALIZATION,FINAL_CLASSIFIER_DENOMINATOR_IF_CLASSIFIABLE,True,False
SDSSJ101152.98+544206.4,GOLD,Runnoe2016,faint_only,10,GREEN2022_FINAL,APPLICABLE_NATIVE_SDSS_VARIANCE_SUPPORTED,FINAL_CLASSIFIER_DENOMINATOR_IF_CLASSIFIABLE,True,False
SDSSJ101152.98+544206.4,GOLD,Runnoe2016,faint_only,10,MACLEOD2019_FINAL,UNCLASSIFIABLE_NO_PROSPECTIVE_VISUAL_EVIDENCE,FINAL_CLASSIFIER_ROW_NON_DENOMINATOR_WHEN_UNCLASSIFIABLE,True,True
SDSSJ101152.98+544206.4,GOLD,Runnoe2016,matched,5,YANG2024_FINAL,APPLICABLE_FAIL_CLOSED_PER_REALIZATION,FINAL_CLASSIFIER_DENOMINATOR_IF_CLASSIFIABLE,True,False
SDSSJ101152.98+544206.4,GOLD,Runnoe2016,matched,5,GREEN2022_FINAL,APPLICABLE_NATIVE_SDSS_VARIANCE_SUPPORTED,FINAL_CLASSIFIER_DENOMINATOR_IF_CLASSIFIABLE,True,False
SDSSJ101152.98+544206.4,GOLD,Runnoe2016,matched,5,MACLEOD2019_FINAL,UNCLASSIFIABLE_NO_PROSPECTIVE_VISUAL_EVIDENCE,FINAL_CLASSIFIER_ROW_NON_DENOMINATOR_WHEN_UNCLASSIFIABLE,True,True
SDSSJ101152.98+544206.4,GOLD,Runnoe2016,matched,10,YANG2024_FINAL,APPLICABLE_FAIL_CLOSED_PER_REALIZATION,FINAL_CLASSIFIER_DENOMINATOR_IF_CLASSIFIABLE,True,False
SDSSJ101152.98+544206.4,GOLD,Runnoe2016,matched,10,GREEN2022_FINAL,APPLICABLE_NATIVE_SDSS_VARIANCE_SUPPORTED,FINAL_CLASSIFIER_DENOMINATOR_IF_CLASSIFIABLE,True,False
SDSSJ101152.98+544206.4,GOLD,Runnoe2016,matched,10,MACLEOD2019_FINAL,UNCLASSIFIABLE_NO_PROSPECTIVE_VISUAL_EVIDENCE,FINAL_CLASSIFIER_ROW_NON_DENOMINATOR_WHEN_UNCLASSIFIABLE,True,True
SDSSJ102152.34+464515.6,GOLD,MacLeod2016,faint_only,5,YANG2024_FINAL,APPLICABLE_FAIL_CLOSED_PER_REALIZATION,FINAL_CLASSIFIER_DENOMINATOR_IF_CLASSIFIABLE,True,False
SDSSJ102152.34+464515.6,GOLD,MacLeod2016,faint_only,5,GREEN2022_FINAL,APPLICABLE_NATIVE_SDSS_VARIANCE_SUPPORTED,FINAL_CLASSIFIER_DENOMINATOR_IF_CLASSIFIABLE,True,False
SDSSJ102152.34+464515.6,GOLD,MacLeod2016,faint_only,5,MACLEOD2019_FINAL,UNCLASSIFIABLE_NO_PROSPECTIVE_VISUAL_EVIDENCE,FINAL_CLASSIFIER_ROW_NON_DENOMINATOR_WHEN_UNCLASSIFIABLE,True,True
SDSSJ102152.34+464515.6,GOLD,MacLeod2016,faint_only,10,YANG2024_FINAL,APPLICABLE_FAIL_CLOSED_PER_REALIZATION,FINAL_CLASSIFIER_DENOMINATOR_IF_CLASSIFIABLE,True,False
SDSSJ102152.34+464515.6,GOLD,MacLeod2016,faint_only,10,GREEN2022_FINAL,APPLICABLE_NATIVE_SDSS_VARIANCE_SUPPORTED,FINAL_CLASSIFIER_DENOMINATOR_IF_CLASSIFIABLE,True,False
SDSSJ102152.34+464515.6,GOLD,MacLeod2016,faint_only,10,MACLEOD2019_FINAL,UNCLASSIFIABLE_NO_PROSPECTIVE_VISUAL_EVIDENCE,FINAL_CLASSIFIER_ROW_NON_DENOMINATOR_WHEN_UNCLASSIFIABLE,True,True
SDSSJ102152.34+464515.6,GOLD,MacLeod2016,matched,5,YANG2024_FINAL,APPLICABLE_FAIL_CLOSED_PER_REALIZATION,FINAL_CLASSIFIER_DENOMINATOR_IF_CLASSIFIABLE,True,False
SDSSJ102152.34+464515.6,GOLD,MacLeod2016,matched,5,GREEN2022_FINAL,APPLICABLE_NATIVE_SDSS_VARIANCE_SUPPORTED,FINAL_CLASSIFIER_DENOMINATOR_IF_CLASSIFIABLE,True,False
SDSSJ102152.34+464515.6,GOLD,MacLeod2016,matched,5,MACLEOD2019_FINAL,UNCLASSIFIABLE_NO_PROSPECTIVE_VISUAL_EVIDENCE,FINAL_CLASSIFIER_ROW_NON_DENOMINATOR_WHEN_UNCLASSIFIABLE,True,True
SDSSJ102152.34+464515.6,GOLD,MacLeod2016,matched,10,YANG2024_FINAL,APPLICABLE_FAIL_CLOSED_PER_REALIZATION,FINAL_CLASSIFIER_DENOMINATOR_IF_CLASSIFIABLE,True,False
SDSSJ102152.34+464515.6,GOLD,MacLeod2016,matched,10,GREEN2022_FINAL,APPLICABLE_NATIVE_SDSS_VARIANCE_SUPPORTED,FINAL_CLASSIFIER_DENOMINATOR_IF_CLASSIFIABLE,True,False
SDSSJ102152.34+464515.6,GOLD,MacLeod2016,matched,10,MACLEOD2019_FINAL,UNCLASSIFIABLE_NO_PROSPECTIVE_VISUAL_EVIDENCE,FINAL_CLASSIFIER_ROW_NON_DENOMINATOR_WHEN_UNCLASSIFIABLE,True,True
SDSSJ105325.40+302419.34,GOLD,Green2022,faint_only,5,YANG2024_FINAL,APPLICABLE_FAIL_CLOSED_PER_REALIZATION,FINAL_CLASSIFIER_DENOMINATOR_IF_CLASSIFIABLE,True,False
SDSSJ105325.40+302419.34,GOLD,Green2022,faint_only,5,GREEN2022_FINAL,APPLICABLE_NATIVE_SDSS_VARIANCE_SUPPORTED,FINAL_CLASSIFIER_DENOMINATOR_IF_CLASSIFIABLE,False,False
SDSSJ105325.40+302419.34,GOLD,Green2022,faint_only,5,MACLEOD2019_FINAL,UNCLASSIFIABLE_NO_PROSPECTIVE_VISUAL_EVIDENCE,FINAL_CLASSIFIER_ROW_NON_DENOMINATOR_WHEN_UNCLASSIFIABLE,True,True
SDSSJ105325.40+302419.34,GOLD,Green2022,faint_only,10,YANG2024_FINAL,APPLICABLE_FAIL_CLOSED_PER_REALIZATION,FINAL_CLASSIFIER_DENOMINATOR_IF_CLASSIFIABLE,True,False
SDSSJ105325.40+302419.34,GOLD,Green2022,faint_only,10,GREEN2022_FINAL,APPLICABLE_NATIVE_SDSS_VARIANCE_SUPPORTED,FINAL_CLASSIFIER_DENOMINATOR_IF_CLASSIFIABLE,False,False
SDSSJ105325.40+302419.34,GOLD,Green2022,faint_only,10,MACLEOD2019_FINAL,UNCLASSIFIABLE_NO_PROSPECTIVE_VISUAL_EVIDENCE,FINAL_CLASSIFIER_ROW_NON_DENOMINATOR_WHEN_UNCLASSIFIABLE,True,True
SDSSJ105325.40+302419.34,GOLD,Green2022,matched,5,YANG2024_FINAL,APPLICABLE_FAIL_CLOSED_PER_REALIZATION,FINAL_CLASSIFIER_DENOMINATOR_IF_CLASSIFIABLE,True,False
SDSSJ105325.40+302419.34,GOLD,Green2022,matched,5,GREEN2022_FINAL,APPLICABLE_NATIVE_SDSS_VARIANCE_SUPPORTED,FINAL_CLASSIFIER_DENOMINATOR_IF_CLASSIFIABLE,False,False
SDSSJ105325.40+302419.34,GOLD,Green2022,matched,5,MACLEOD2019_FINAL,UNCLASSIFIABLE_NO_PROSPECTIVE_VISUAL_EVIDENCE,FINAL_CLASSIFIER_ROW_NON_DENOMINATOR_WHEN_UNCLASSIFIABLE,True,True
SDSSJ105325.40+302419.34,GOLD,Green2022,matched,10,YANG2024_FINAL,APPLICABLE_FAIL_CLOSED_PER_REALIZATION,FINAL_CLASSIFIER_DENOMINATOR_IF_CLASSIFIABLE,True,False
SDSSJ105325.40+302419.34,GOLD,Green2022,matched,10,GREEN2022_FINAL,APPLICABLE_NATIVE_SDSS_VARIANCE_SUPPORTED,FINAL_CLASSIFIER_DENOMINATOR_IF_CLASSIFIABLE,False,False
SDSSJ105325.40+302419.34,GOLD,Green2022,matched,10,MACLEOD2019_FINAL,UNCLASSIFIABLE_NO_PROSPECTIVE_VISUAL_EVIDENCE,FINAL_CLASSIFIER_ROW_NON_DENOMINATOR_WHEN_UNCLASSIFIABLE,True,True
SDSSJ135855.83+493414.2,GOLD,Potts2021,faint_only,5,YANG2024_FINAL,UNCLASSIFIABLE_NATIVE_BRIGHT_FIT_INVALID,FINAL_CLASSIFIER_DENOMINATOR_IF_CLASSIFIABLE,True,True
SDSSJ135855.83+493414.2,GOLD,Potts2021,faint_only,5,GREEN2022_FINAL,APPLICABLE_NATIVE_SDSS_VARIANCE_SUPPORTED,FINAL_CLASSIFIER_DENOMINATOR_IF_CLASSIFIABLE,True,False
SDSSJ135855.83+493414.2,GOLD,Potts2021,faint_only,5,MACLEOD2019_FINAL,UNCLASSIFIABLE_NO_PROSPECTIVE_VISUAL_EVIDENCE,FINAL_CLASSIFIER_ROW_NON_DENOMINATOR_WHEN_UNCLASSIFIABLE,True,True
SDSSJ135855.83+493414.2,GOLD,Potts2021,matched,5,YANG2024_FINAL,APPLICABLE_FAIL_CLOSED_PER_REALIZATION,FINAL_CLASSIFIER_DENOMINATOR_IF_CLASSIFIABLE,True,False
SDSSJ135855.83+493414.2,GOLD,Potts2021,matched,5,GREEN2022_FINAL,APPLICABLE_NATIVE_SDSS_VARIANCE_SUPPORTED,FINAL_CLASSIFIER_DENOMINATOR_IF_CLASSIFIABLE,True,False
SDSSJ135855.83+493414.2,GOLD,Potts2021,matched,5,MACLEOD2019_FINAL,UNCLASSIFIABLE_NO_PROSPECTIVE_VISUAL_EVIDENCE,FINAL_CLASSIFIER_ROW_NON_DENOMINATOR_WHEN_UNCLASSIFIABLE,True,True
SDSSJ233602.98+001728.7,GOLD,Ruan2016,faint_only,5,YANG2024_FINAL,APPLICABLE_FAIL_CLOSED_PER_REALIZATION,FINAL_CLASSIFIER_DENOMINATOR_IF_CLASSIFIABLE,True,False
SDSSJ233602.98+001728.7,GOLD,Ruan2016,faint_only,5,GREEN2022_FINAL,APPLICABLE_NATIVE_SDSS_VARIANCE_SUPPORTED,FINAL_CLASSIFIER_DENOMINATOR_IF_CLASSIFIABLE,True,False
SDSSJ233602.98+001728.7,GOLD,Ruan2016,faint_only,5,MACLEOD2019_FINAL,UNCLASSIFIABLE_NO_PROSPECTIVE_VISUAL_EVIDENCE,FINAL_CLASSIFIER_ROW_NON_DENOMINATOR_WHEN_UNCLASSIFIABLE,True,True
SDSSJ233602.98+001728.7,GOLD,Ruan2016,matched,5,YANG2024_FINAL,APPLICABLE_FAIL_CLOSED_PER_REALIZATION,FINAL_CLASSIFIER_DENOMINATOR_IF_CLASSIFIABLE,True,False
SDSSJ233602.98+001728.7,GOLD,Ruan2016,matched,5,GREEN2022_FINAL,APPLICABLE_NATIVE_SDSS_VARIANCE_SUPPORTED,FINAL_CLASSIFIER_DENOMINATOR_IF_CLASSIFIABLE,True,False
SDSSJ233602.98+001728.7,GOLD,Ruan2016,matched,5,MACLEOD2019_FINAL,UNCLASSIFIABLE_NO_PROSPECTIVE_VISUAL_EVIDENCE,FINAL_CLASSIFIER_ROW_NON_DENOMINATOR_WHEN_UNCLASSIFIABLE,True,True
SDSSJ012256.19-000252.68,SILVER,MacLeod2016,faint_only,5,YANG2024_FINAL,APPLICABLE_FAIL_CLOSED_PER_REALIZATION,FINAL_CLASSIFIER_DENOMINATOR_IF_CLASSIFIABLE,True,False
SDSSJ012256.19-000252.68,SILVER,MacLeod2016,faint_only,5,GREEN2022_FINAL,APPLICABLE_NATIVE_SDSS_VARIANCE_SUPPORTED,FINAL_CLASSIFIER_DENOMINATOR_IF_CLASSIFIABLE,True,False
SDSSJ012256.19-000252.68,SILVER,MacLeod2016,faint_only,5,MACLEOD2019_FINAL,UNCLASSIFIABLE_NO_PROSPECTIVE_VISUAL_EVIDENCE,FINAL_CLASSIFIER_ROW_NON_DENOMINATOR_WHEN_UNCLASSIFIABLE,True,True
SDSSJ012256.19-000252.68,SILVER,MacLeod2016,faint_only,10,YANG2024_FINAL,APPLICABLE_FAIL_CLOSED_PER_REALIZATION,FINAL_CLASSIFIER_DENOMINATOR_IF_CLASSIFIABLE,True,False
SDSSJ012256.19-000252.68,SILVER,MacLeod2016,faint_only,10,GREEN2022_FINAL,APPLICABLE_NATIVE_SDSS_VARIANCE_SUPPORTED,FINAL_CLASSIFIER_DENOMINATOR_IF_CLASSIFIABLE,True,False
SDSSJ012256.19-000252.68,SILVER,MacLeod2016,faint_only,10,MACLEOD2019_FINAL,UNCLASSIFIABLE_NO_PROSPECTIVE_VISUAL_EVIDENCE,FINAL_CLASSIFIER_ROW_NON_DENOMINATOR_WHEN_UNCLASSIFIABLE,True,True
SDSSJ012256.19-000252.68,SILVER,MacLeod2016,matched,5,YANG2024_FINAL,APPLICABLE_FAIL_CLOSED_PER_REALIZATION,FINAL_CLASSIFIER_DENOMINATOR_IF_CLASSIFIABLE,True,False
SDSSJ012256.19-000252.68,SILVER,MacLeod2016,matched,5,GREEN2022_FINAL,APPLICABLE_NATIVE_SDSS_VARIANCE_SUPPORTED,FINAL_CLASSIFIER_DENOMINATOR_IF_CLASSIFIABLE,True,False
SDSSJ012256.19-000252.68,SILVER,MacLeod2016,matched,5,MACLEOD2019_FINAL,UNCLASSIFIABLE_NO_PROSPECTIVE_VISUAL_EVIDENCE,FINAL_CLASSIFIER_ROW_NON_DENOMINATOR_WHEN_UNCLASSIFIABLE,True,True
SDSSJ012256.19-000252.68,SILVER,MacLeod2016,matched,10,YANG2024_FINAL,APPLICABLE_FAIL_CLOSED_PER_REALIZATION,FINAL_CLASSIFIER_DENOMINATOR_IF_CLASSIFIABLE,True,False
SDSSJ012256.19-000252.68,SILVER,MacLeod2016,matched,10,GREEN2022_FINAL,APPLICABLE_NATIVE_SDSS_VARIANCE_SUPPORTED,FINAL_CLASSIFIER_DENOMINATOR_IF_CLASSIFIABLE,True,False
SDSSJ012256.19-000252.68,SILVER,MacLeod2016,matched,10,MACLEOD2019_FINAL,UNCLASSIFIABLE_NO_PROSPECTIVE_VISUAL_EVIDENCE,FINAL_CLASSIFIER_ROW_NON_DENOMINATOR_WHEN_UNCLASSIFIABLE,True,True
SDSSJ081319.34+460849.5,SILVER,Yang2018,faint_only,5,YANG2024_FINAL,APPLICABLE_FAIL_CLOSED_PER_REALIZATION,FINAL_CLASSIFIER_DENOMINATOR_IF_CLASSIFIABLE,True,False
SDSSJ081319.34+460849.5,SILVER,Yang2018,faint_only,5,GREEN2022_FINAL,APPLICABLE_NATIVE_SDSS_VARIANCE_SUPPORTED,FINAL_CLASSIFIER_DENOMINATOR_IF_CLASSIFIABLE,True,False
SDSSJ081319.34+460849.5,SILVER,Yang2018,faint_only,5,MACLEOD2019_FINAL,UNCLASSIFIABLE_NO_PROSPECTIVE_VISUAL_EVIDENCE,FINAL_CLASSIFIER_ROW_NON_DENOMINATOR_WHEN_UNCLASSIFIABLE,True,True
SDSSJ081319.34+460849.5,SILVER,Yang2018,faint_only,10,YANG2024_FINAL,APPLICABLE_FAIL_CLOSED_PER_REALIZATION,FINAL_CLASSIFIER_DENOMINATOR_IF_CLASSIFIABLE,True,False
SDSSJ081319.34+460849.5,SILVER,Yang2018,faint_only,10,GREEN2022_FINAL,APPLICABLE_NATIVE_SDSS_VARIANCE_SUPPORTED,FINAL_CLASSIFIER_DENOMINATOR_IF_CLASSIFIABLE,True,False
SDSSJ081319.34+460849.5,SILVER,Yang2018,faint_only,10,MACLEOD2019_FINAL,UNCLASSIFIABLE_NO_PROSPECTIVE_VISUAL_EVIDENCE,FINAL_CLASSIFIER_ROW_NON_DENOMINATOR_WHEN_UNCLASSIFIABLE,True,True
SDSSJ081319.34+460849.5,SILVER,Yang2018,matched,5,YANG2024_FINAL,APPLICABLE_FAIL_CLOSED_PER_REALIZATION,FINAL_CLASSIFIER_DENOMINATOR_IF_CLASSIFIABLE,True,False
SDSSJ081319.34+460849.5,SILVER,Yang2018,matched,5,GREEN2022_FINAL,APPLICABLE_NATIVE_SDSS_VARIANCE_SUPPORTED,FINAL_CLASSIFIER_DENOMINATOR_IF_CLASSIFIABLE,True,False
SDSSJ081319.34+460849.5,SILVER,Yang2018,matched,5,MACLEOD2019_FINAL,UNCLASSIFIABLE_NO_PROSPECTIVE_VISUAL_EVIDENCE,FINAL_CLASSIFIER_ROW_NON_DENOMINATOR_WHEN_UNCLASSIFIABLE,True,True
SDSSJ081319.34+460849.5,SILVER,Yang2018,matched,10,YANG2024_FINAL,APPLICABLE_FAIL_CLOSED_PER_REALIZATION,FINAL_CLASSIFIER_DENOMINATOR_IF_CLASSIFIABLE,True,False
SDSSJ081319.34+460849.5,SILVER,Yang2018,matched,10,GREEN2022_FINAL,APPLICABLE_NATIVE_SDSS_VARIANCE_SUPPORTED,FINAL_CLASSIFIER_DENOMINATOR_IF_CLASSIFIABLE,True,False
SDSSJ081319.34+460849.5,SILVER,Yang2018,matched,10,MACLEOD2019_FINAL,UNCLASSIFIABLE_NO_PROSPECTIVE_VISUAL_EVIDENCE,FINAL_CLASSIFIER_ROW_NON_DENOMINATOR_WHEN_UNCLASSIFIABLE,True,True
SDSSJ105058.42+241351.18,SILVER,Green2022,faint_only,5,YANG2024_FINAL,APPLICABLE_FAIL_CLOSED_PER_REALIZATION,FINAL_CLASSIFIER_DENOMINATOR_IF_CLASSIFIABLE,True,False
SDSSJ105058.42+241351.18,SILVER,Green2022,faint_only,5,GREEN2022_FINAL,APPLICABLE_NATIVE_SDSS_VARIANCE_SUPPORTED,FINAL_CLASSIFIER_DENOMINATOR_IF_CLASSIFIABLE,False,False
SDSSJ105058.42+241351.18,SILVER,Green2022,faint_only,5,MACLEOD2019_FINAL,UNCLASSIFIABLE_NO_PROSPECTIVE_VISUAL_EVIDENCE,FINAL_CLASSIFIER_ROW_NON_DENOMINATOR_WHEN_UNCLASSIFIABLE,True,True
SDSSJ105058.42+241351.18,SILVER,Green2022,faint_only,10,YANG2024_FINAL,APPLICABLE_FAIL_CLOSED_PER_REALIZATION,FINAL_CLASSIFIER_DENOMINATOR_IF_CLASSIFIABLE,True,False
SDSSJ105058.42+241351.18,SILVER,Green2022,faint_only,10,GREEN2022_FINAL,APPLICABLE_NATIVE_SDSS_VARIANCE_SUPPORTED,FINAL_CLASSIFIER_DENOMINATOR_IF_CLASSIFIABLE,False,False
SDSSJ105058.42+241351.18,SILVER,Green2022,faint_only,10,MACLEOD2019_FINAL,UNCLASSIFIABLE_NO_PROSPECTIVE_VISUAL_EVIDENCE,FINAL_CLASSIFIER_ROW_NON_DENOMINATOR_WHEN_UNCLASSIFIABLE,True,True
SDSSJ105058.42+241351.18,SILVER,Green2022,matched,5,YANG2024_FINAL,APPLICABLE_FAIL_CLOSED_PER_REALIZATION,FINAL_CLASSIFIER_DENOMINATOR_IF_CLASSIFIABLE,True,False
SDSSJ105058.42+241351.18,SILVER,Green2022,matched,5,GREEN2022_FINAL,APPLICABLE_NATIVE_SDSS_VARIANCE_SUPPORTED,FINAL_CLASSIFIER_DENOMINATOR_IF_CLASSIFIABLE,False,False
SDSSJ105058.42+241351.18,SILVER,Green2022,matched,5,MACLEOD2019_FINAL,UNCLASSIFIABLE_NO_PROSPECTIVE_VISUAL_EVIDENCE,FINAL_CLASSIFIER_ROW_NON_DENOMINATOR_WHEN_UNCLASSIFIABLE,True,True
SDSSJ105058.42+241351.18,SILVER,Green2022,matched,10,YANG2024_FINAL,APPLICABLE_FAIL_CLOSED_PER_REALIZATION,FINAL_CLASSIFIER_DENOMINATOR_IF_CLASSIFIABLE,True,False
SDSSJ105058.42+241351.18,SILVER,Green2022,matched,10,GREEN2022_FINAL,APPLICABLE_NATIVE_SDSS_VARIANCE_SUPPORTED,FINAL_CLASSIFIER_DENOMINATOR_IF_CLASSIFIABLE,False,False
SDSSJ105058.42+241351.18,SILVER,Green2022,matched,10,MACLEOD2019_FINAL,UNCLASSIFIABLE_NO_PROSPECTIVE_VISUAL_EVIDENCE,FINAL_CLASSIFIER_ROW_NON_DENOMINATOR_WHEN_UNCLASSIFIABLE,True,True
SDSSJ222132.41-010928.70,SILVER,MacLeod2016,faint_only,5,YANG2024_FINAL,APPLICABLE_FAIL_CLOSED_PER_REALIZATION,FINAL_CLASSIFIER_DENOMINATOR_IF_CLASSIFIABLE,True,False
SDSSJ222132.41-010928.70,SILVER,MacLeod2016,faint_only,5,GREEN2022_FINAL,APPLICABLE_NATIVE_SDSS_VARIANCE_SUPPORTED,FINAL_CLASSIFIER_DENOMINATOR_IF_CLASSIFIABLE,True,False
SDSSJ222132.41-010928.70,SILVER,MacLeod2016,faint_only,5,MACLEOD2019_FINAL,UNCLASSIFIABLE_NO_PROSPECTIVE_VISUAL_EVIDENCE,FINAL_CLASSIFIER_ROW_NON_DENOMINATOR_WHEN_UNCLASSIFIABLE,True,True
SDSSJ222132.41-010928.70,SILVER,MacLeod2016,faint_only,10,YANG2024_FINAL,APPLICABLE_FAIL_CLOSED_PER_REALIZATION,FINAL_CLASSIFIER_DENOMINATOR_IF_CLASSIFIABLE,True,False
SDSSJ222132.41-010928.70,SILVER,MacLeod2016,faint_only,10,GREEN2022_FINAL,APPLICABLE_NATIVE_SDSS_VARIANCE_SUPPORTED,FINAL_CLASSIFIER_DENOMINATOR_IF_CLASSIFIABLE,True,False
SDSSJ222132.41-010928.70,SILVER,MacLeod2016,faint_only,10,MACLEOD2019_FINAL,UNCLASSIFIABLE_NO_PROSPECTIVE_VISUAL_EVIDENCE,FINAL_CLASSIFIER_ROW_NON_DENOMINATOR_WHEN_UNCLASSIFIABLE,True,True
SDSSJ222132.41-010928.70,SILVER,MacLeod2016,matched,5,YANG2024_FINAL,APPLICABLE_FAIL_CLOSED_PER_REALIZATION,FINAL_CLASSIFIER_DENOMINATOR_IF_CLASSIFIABLE,True,False
SDSSJ222132.41-010928.70,SILVER,MacLeod2016,matched,5,GREEN2022_FINAL,APPLICABLE_NATIVE_SDSS_VARIANCE_SUPPORTED,FINAL_CLASSIFIER_DENOMINATOR_IF_CLASSIFIABLE,True,False
SDSSJ222132.41-010928.70,SILVER,MacLeod2016,matched,5,MACLEOD2019_FINAL,UNCLASSIFIABLE_NO_PROSPECTIVE_VISUAL_EVIDENCE,FINAL_CLASSIFIER_ROW_NON_DENOMINATOR_WHEN_UNCLASSIFIABLE,True,True
SDSSJ222132.41-010928.70,SILVER,MacLeod2016,matched,10,YANG2024_FINAL,APPLICABLE_FAIL_CLOSED_PER_REALIZATION,FINAL_CLASSIFIER_DENOMINATOR_IF_CLASSIFIABLE,True,False
SDSSJ222132.41-010928.70,SILVER,MacLeod2016,matched,10,GREEN2022_FINAL,APPLICABLE_NATIVE_SDSS_VARIANCE_SUPPORTED,FINAL_CLASSIFIER_DENOMINATOR_IF_CLASSIFIABLE,True,False
SDSSJ222132.41-010928.70,SILVER,MacLeod2016,matched,10,MACLEOD2019_FINAL,UNCLASSIFIABLE_NO_PROSPECTIVE_VISUAL_EVIDENCE,FINAL_CLASSIFIER_ROW_NON_DENOMINATOR_WHEN_UNCLASSIFIABLE,True,True
