transition_id,tier,selection_role,snr_rung,arm,realization,seed_namespace,faint_seed,bright_seed,faint_achieved_sn,bright_achieved_sn,engineering_fit_ok,yang_engineering_label,yang_engineering_ratio,yang_final_label,yang_final_reason,green_final_label,green_final_reason,bright_status,bright_broad_hbeta_flux,bright_broad_hbeta_ew,bright_broad_hbeta_snr,bright_broad_hbeta_detected,bright_l5100,faint_status,faint_broad_hbeta_flux,faint_broad_hbeta_ew,faint_broad_hbeta_snr,faint_broad_hbeta_detected,faint_l5100
SDSSJ082942.66+415436.8,GOLD,GOLD_HIGH_NATIVE_SN,5.0,faint_only,0,p3sf:q1:d088:stability:v1,2838592292,,5.086873089614413,25.604863287386916,True,CL,0.0,unclassifiable,FIT_BOUNDARY_VALIDITY_AUDIT_NOT_IMPLEMENTED,unclassifiable,SOURCE_PROTOCOL_PIXEL_NSIGMA_PREPROCESSING_NOT_IMPLEMENTED,ok,3753.736868302251,144.96376661826088,12.465434042078058,True,43.74786467107046,ok,1737.2072589041209,104.57064834223101,2.2614346649623744,False,43.565800605940105
SDSSJ082942.66+415436.8,GOLD,GOLD_HIGH_NATIVE_SN,5.0,matched,0,p3sf:q1:d088:stability:v1,2838592292,3873204170.0,5.086873089614413,5.17803571987149,True,CL,0.0,unclassifiable,FIT_BOUNDARY_VALIDITY_AUDIT_NOT_IMPLEMENTED,unclassifiable,SOURCE_PROTOCOL_PIXEL_NSIGMA_PREPROCESSING_NOT_IMPLEMENTED,ok,3276.2287359128827,122.88178972814822,2.8885893320670224,False,43.76149215032219,ok,1737.2072589041209,104.57064834223101,2.2614346649623744,False,43.565800605940105
SDSSJ082942.66+415436.8,GOLD,GOLD_HIGH_NATIVE_SN,5.0,faint_only,1,p3sf:q1:d088:stability:v1,982962140,,5.0918391816777415,25.604863287386916,True,CL,0.0,unclassifiable,FIT_BOUNDARY_VALIDITY_AUDIT_NOT_IMPLEMENTED,unclassifiable,SOURCE_PROTOCOL_PIXEL_NSIGMA_PREPROCESSING_NOT_IMPLEMENTED,ok,3753.736868302251,144.96376661826088,12.465434042078058,True,43.74786467107046,ok,1675.6935011860419,89.235030854622,2.28727900038079,False,43.61611448058993
SDSSJ082942.66+415436.8,GOLD,GOLD_HIGH_NATIVE_SN,5.0,matched,1,p3sf:q1:d088:stability:v1,982962140,2584809422.0,5.0918391816777415,4.974624257375646,True,CL,0.0,unclassifiable,FIT_BOUNDARY_VALIDITY_AUDIT_NOT_IMPLEMENTED,unclassifiable,SOURCE_PROTOCOL_PIXEL_NSIGMA_PREPROCESSING_NOT_IMPLEMENTED,ok,3572.353085931095,139.7232724502485,2.432890118895424,False,43.7431601279916,ok,1675.6935011860419,89.235030854622,2.28727900038079,False,43.61611448058993
SDSSJ082942.66+415436.8,GOLD,GOLD_HIGH_NATIVE_SN,5.0,faint_only,2,p3sf:q1:d088:stability:v1,48101196,,5.02366765708584,25.604863287386916,True,CL,0.0,unclassifiable,FIT_BOUNDARY_VALIDITY_AUDIT_NOT_IMPLEMENTED,unclassifiable,SOURCE_PROTOCOL_PIXEL_NSIGMA_PREPROCESSING_NOT_IMPLEMENTED,ok,3753.736868302251,144.96376661826088,12.465434042078058,True,43.74786467107046,ok,1782.6398944475309,103.7194889884049,2.1979728753472454,False,43.58259331233128
SDSSJ082942.66+415436.8,GOLD,GOLD_HIGH_NATIVE_SN,5.0,matched,2,p3sf:q1:d088:stability:v1,48101196,2920355261.0,5.02366765708584,5.106010849947977,True,CL,0.0,unclassifiable,FIT_BOUNDARY_VALIDITY_AUDIT_NOT_IMPLEMENTED,unclassifiable,SOURCE_PROTOCOL_PIXEL_NSIGMA_PREPROCESSING_NOT_IMPLEMENTED,ok,3656.5427863785403,142.2463016403227,2.9640218616319123,False,43.74645055603198,ok,1782.6398944475309,103.7194889884049,2.1979728753472454,False,43.58259331233128
SDSSJ082942.66+415436.8,GOLD,GOLD_HIGH_NATIVE_SN,5.0,faint_only,3,p3sf:q1:d088:stability:v1,1500358185,,4.994764716687318,25.604863287386916,True,CL,0.0,unclassifiable,FIT_BOUNDARY_VALIDITY_AUDIT_NOT_IMPLEMENTED,unclassifiable,SOURCE_PROTOCOL_PIXEL_NSIGMA_PREPROCESSING_NOT_IMPLEMENTED,ok,3753.736868302251,144.96376661826088,12.465434042078058,True,43.74786467107046,ok,1573.8940212705254,95.66956277036621,2.171986036360358,False,43.56117071606955
SDSSJ082942.66+415436.8,GOLD,GOLD_HIGH_NATIVE_SN,5.0,matched,3,p3sf:q1:d088:stability:v1,1500358185,1737598948.0,4.994764716687318,5.09267106402927,True,CL,0.0,unclassifiable,FIT_BOUNDARY_VALIDITY_AUDIT_NOT_IMPLEMENTED,unclassifiable,SOURCE_PROTOCOL_PIXEL_NSIGMA_PREPROCESSING_NOT_IMPLEMENTED,ok,3653.6441550716568,159.69788157656973,2.62353271619862,False,43.702981546812445,ok,1573.8940212705254,95.66956277036621,2.171986036360358,False,43.56117071606955
SDSSJ082942.66+415436.8,GOLD,GOLD_HIGH_NATIVE_SN,5.0,faint_only,4,p3sf:q1:d088:stability:v1,3564635961,,5.193214270263,25.604863287386916,True,CL,0.0,unclassifiable,FIT_BOUNDARY_VALIDITY_AUDIT_NOT_IMPLEMENTED,unclassifiable,SOURCE_PROTOCOL_PIXEL_NSIGMA_PREPROCESSING_NOT_IMPLEMENTED,ok,3753.736868302251,144.96376661826088,12.465434042078058,True,43.74786467107046,ok,2283.671655798839,125.11463005707978,2.0388492847055413,False,43.60615828745137
SDSSJ082942.66+415436.8,GOLD,GOLD_HIGH_NATIVE_SN,5.0,matched,4,p3sf:q1:d088:stability:v1,3564635961,285289326.0,5.193214270263,5.15983163943978,True,CL,0.0,unclassifiable,FIT_BOUNDARY_VALIDITY_AUDIT_NOT_IMPLEMENTED,unclassifiable,SOURCE_PROTOCOL_PIXEL_NSIGMA_PREPROCESSING_NOT_IMPLEMENTED,ok,3516.771698708284,168.20967965301804,2.79518380497093,False,43.665626649633666,ok,2283.671655798839,125.11463005707978,2.0388492847055413,False,43.60615828745137
SDSSJ082942.66+415436.8,GOLD,GOLD_HIGH_NATIVE_SN,5.0,faint_only,5,p3sf:q1:d088:stability:v1,1593865005,,5.002521730135711,25.604863287386916,True,non-CL,0.5520587695886741,unclassifiable,FIT_BOUNDARY_VALIDITY_AUDIT_NOT_IMPLEMENTED,unclassifiable,SOURCE_PROTOCOL_PIXEL_NSIGMA_PREPROCESSING_NOT_IMPLEMENTED,ok,3753.736868302251,144.96376661826088,12.465434042078058,True,43.74786467107046,ok,2072.283356874583,115.96218699675049,3.4381898178242665,True,43.59859383300412
SDSSJ082942.66+415436.8,GOLD,GOLD_HIGH_NATIVE_SN,5.0,matched,5,p3sf:q1:d088:stability:v1,1593865005,717891746.0,5.002521730135711,5.12609635821528,True,non-CL,0.6743048889448419,unclassifiable,FIT_BOUNDARY_VALIDITY_AUDIT_NOT_IMPLEMENTED,unclassifiable,SOURCE_PROTOCOL_PIXEL_NSIGMA_PREPROCESSING_NOT_IMPLEMENTED,ok,3073.2141956101045,118.89305747455208,2.496535609403738,False,43.746250770430635,ok,2072.283356874583,115.96218699675049,3.4381898178242665,True,43.59859383300412
SDSSJ082942.66+415436.8,GOLD,GOLD_HIGH_NATIVE_SN,5.0,faint_only,6,p3sf:q1:d088:stability:v1,416001342,,5.07653010509251,25.604863287386916,True,CL,0.0,unclassifiable,FIT_BOUNDARY_VALIDITY_AUDIT_NOT_IMPLEMENTED,unclassifiable,SOURCE_PROTOCOL_PIXEL_NSIGMA_PREPROCESSING_NOT_IMPLEMENTED,ok,3753.736868302251,144.96376661826088,12.465434042078058,True,43.74786467107046,ok,1978.2091988222442,108.46535207660784,1.8909410669197946,False,43.60961593556577
SDSSJ082942.66+415436.8,GOLD,GOLD_HIGH_NATIVE_SN,5.0,matched,6,p3sf:q1:d088:stability:v1,416001342,1965689040.0,5.07653010509251,5.144531949718195,True,CL,0.0,unclassifiable,FIT_BOUNDARY_VALIDITY_AUDIT_NOT_IMPLEMENTED,unclassifiable,SOURCE_PROTOCOL_PIXEL_NSIGMA_PREPROCESSING_NOT_IMPLEMENTED,ok,2509.9828173247074,91.56699707649872,2.615776952866244,False,43.77117603979401,ok,1978.2091988222442,108.46535207660784,1.8909410669197946,False,43.60961593556577
SDSSJ082942.66+415436.8,GOLD,GOLD_HIGH_NATIVE_SN,5.0,faint_only,7,p3sf:q1:d088:stability:v1,3679864611,,5.14573905083216,25.604863287386916,True,CL,0.0,unclassifiable,FIT_BOUNDARY_VALIDITY_AUDIT_NOT_IMPLEMENTED,unclassifiable,SOURCE_PROTOCOL_PIXEL_NSIGMA_PREPROCESSING_NOT_IMPLEMENTED,ok,3753.736868302251,144.96376661826088,12.465434042078058,True,43.74786467107046,ok,1873.2877333580507,111.87148441146317,2.417820375327251,False,43.57297261009852
SDSSJ082942.66+415436.8,GOLD,GOLD_HIGH_NATIVE_SN,5.0,matched,7,p3sf:q1:d088:stability:v1,3679864611,89052212.0,5.14573905083216,5.084865853864808,True,CL,0.0,unclassifiable,FIT_BOUNDARY_VALIDITY_AUDIT_NOT_IMPLEMENTED,unclassifiable,SOURCE_PROTOCOL_PIXEL_NSIGMA_PREPROCESSING_NOT_IMPLEMENTED,ok,3492.3355335104106,137.03724887502042,2.8076051749776654,False,43.74226245887448,ok,1873.2877333580507,111.87148441146317,2.417820375327251,False,43.57297261009852
SDSSJ082942.66+415436.8,GOLD,GOLD_HIGH_NATIVE_SN,5.0,faint_only,8,p3sf:q1:d088:stability:v1,2071437951,,5.186232957175594,25.604863287386916,True,CL,0.0,unclassifiable,FIT_BOUNDARY_VALIDITY_AUDIT_NOT_IMPLEMENTED,unclassifiable,SOURCE_PROTOCOL_PIXEL_NSIGMA_PREPROCESSING_NOT_IMPLEMENTED,ok,3753.736868302251,144.96376661826088,12.465434042078058,True,43.74786467107046,ok,2122.53988787045,110.26537488203698,2.46782171380123,False,43.628244799919734
SDSSJ082942.66+415436.8,GOLD,GOLD_HIGH_NATIVE_SN,5.0,matched,8,p3sf:q1:d088:stability:v1,2071437951,2278766576.0,5.186232957175594,5.045226402318603,True,CL,0.0,unclassifiable,FIT_BOUNDARY_VALIDITY_AUDIT_NOT_IMPLEMENTED,unclassifiable,SOURCE_PROTOCOL_PIXEL_NSIGMA_PREPROCESSING_NOT_IMPLEMENTED,ok,3426.7991685163674,146.103451195143,4.3976841125231685,True,43.7077285022965,ok,2122.53988787045,110.26537488203698,2.46782171380123,False,43.628244799919734
SDSSJ082942.66+415436.8,GOLD,GOLD_HIGH_NATIVE_SN,5.0,faint_only,9,p3sf:q1:d088:stability:v1,4184647691,,5.132188343572233,25.604863287386916,True,CL,0.0,unclassifiable,FIT_BOUNDARY_VALIDITY_AUDIT_NOT_IMPLEMENTED,unclassifiable,SOURCE_PROTOCOL_PIXEL_NSIGMA_PREPROCESSING_NOT_IMPLEMENTED,ok,3753.736868302251,144.96376661826088,12.465434042078058,True,43.74786467107046,ok,2153.8511398880783,121.13569941128713,2.2661227163873656,False,43.598021672057044
SDSSJ082942.66+415436.8,GOLD,GOLD_HIGH_NATIVE_SN,5.0,matched,9,p3sf:q1:d088:stability:v1,4184647691,428772785.0,5.132188343572233,5.078867400458034,True,CL,0.0,unclassifiable,FIT_BOUNDARY_VALIDITY_AUDIT_NOT_IMPLEMENTED,unclassifiable,SOURCE_PROTOCOL_PIXEL_NSIGMA_PREPROCESSING_NOT_IMPLEMENTED,ok,4033.8180087914106,164.44388244255248,2.725671759292685,False,43.727604154874854,ok,2153.8511398880783,121.13569941128713,2.2661227163873656,False,43.598021672057044
SDSSJ082942.66+415436.8,GOLD,GOLD_HIGH_NATIVE_SN,5.0,faint_only,10,p3sf:q1:d088:stability:v1,3966469629,,4.927863585675834,25.604863287386916,True,non-CL,0.40593981879756336,unclassifiable,FIT_BOUNDARY_VALIDITY_AUDIT_NOT_IMPLEMENTED,unclassifiable,SOURCE_PROTOCOL_PIXEL_NSIGMA_PREPROCESSING_NOT_IMPLEMENTED,ok,3753.736868302251,144.96376661826088,12.465434042078058,True,43.74786467107046,ok,1523.7912641323487,76.45344557639814,3.2840333384010667,True,43.63859786530182
SDSSJ082942.66+415436.8,GOLD,GOLD_HIGH_NATIVE_SN,5.0,matched,10,p3sf:q1:d088:stability:v1,3966469629,2965523723.0,4.927863585675834,5.102718297867842,True,non-CL,0.3714952755389046,unclassifiable,FIT_BOUNDARY_VALIDITY_AUDIT_NOT_IMPLEMENTED,unclassifiable,SOURCE_PROTOCOL_PIXEL_NSIGMA_PREPROCESSING_NOT_IMPLEMENTED,ok,4101.778311774979,174.17279101656,3.0415257104305295,True,43.71303817502022,ok,1523.7912641323487,76.45344557639814,3.2840333384010667,True,43.63859786530182
SDSSJ082942.66+415436.8,GOLD,GOLD_HIGH_NATIVE_SN,5.0,faint_only,11,p3sf:q1:d088:stability:v1,2055045397,,5.03296703359664,25.604863287386916,True,CL,0.0,unclassifiable,FIT_BOUNDARY_VALIDITY_AUDIT_NOT_IMPLEMENTED,unclassifiable,SOURCE_PROTOCOL_PIXEL_NSIGMA_PREPROCESSING_NOT_IMPLEMENTED,ok,3753.736868302251,144.96376661826088,12.465434042078058,True,43.74786467107046,ok,2258.2669073790184,119.2811364547732,2.062131945933813,False,43.62020364893631
SDSSJ082942.66+415436.8,GOLD,GOLD_HIGH_NATIVE_SN,5.0,matched,11,p3sf:q1:d088:stability:v1,2055045397,512334806.0,5.03296703359664,5.011182956162774,True,CL,0.0,unclassifiable,FIT_BOUNDARY_VALIDITY_AUDIT_NOT_IMPLEMENTED,unclassifiable,SOURCE_PROTOCOL_PIXEL_NSIGMA_PREPROCESSING_NOT_IMPLEMENTED,ok,2785.66227416103,102.69185434582451,2.671587683249484,False,43.764736140887585,ok,2258.2669073790184,119.2811364547732,2.062131945933813,False,43.62020364893631
SDSSJ082942.66+415436.8,GOLD,GOLD_HIGH_NATIVE_SN,5.0,faint_only,12,p3sf:q1:d088:stability:v1,1437615121,,4.983593507805983,25.604863287386916,True,CL,0.0,unclassifiable,FIT_BOUNDARY_VALIDITY_AUDIT_NOT_IMPLEMENTED,unclassifiable,SOURCE_PROTOCOL_PIXEL_NSIGMA_PREPROCESSING_NOT_IMPLEMENTED,ok,3753.736868302251,144.96376661826088,12.465434042078058,True,43.74786467107046,ok,1475.3524289942695,87.9236522346898,2.4294871298297975,False,43.57120039496887
SDSSJ082942.66+415436.8,GOLD,GOLD_HIGH_NATIVE_SN,5.0,matched,12,p3sf:q1:d088:stability:v1,1437615121,4228244003.0,4.983593507805983,5.223804607217623,True,CL,0.0,unclassifiable,FIT_BOUNDARY_VALIDITY_AUDIT_NOT_IMPLEMENTED,unclassifiable,SOURCE_PROTOCOL_PIXEL_NSIGMA_PREPROCESSING_NOT_IMPLEMENTED,ok,3661.807561502564,139.6824018500497,2.8371816501118574,False,43.75291343856601,ok,1475.3524289942695,87.9236522346898,2.4294871298297975,False,43.57120039496887
SDSSJ082942.66+415436.8,GOLD,GOLD_HIGH_NATIVE_SN,5.0,faint_only,13,p3sf:q1:d088:stability:v1,2055805322,,5.061730118479595,25.604863287386916,True,CL,0.0,unclassifiable,FIT_BOUNDARY_VALIDITY_AUDIT_NOT_IMPLEMENTED,unclassifiable,SOURCE_PROTOCOL_PIXEL_NSIGMA_PREPROCESSING_NOT_IMPLEMENTED,ok,3753.736868302251,144.96376661826088,12.465434042078058,True,43.74786467107046,ok,2261.137903355607,125.29822175268416,1.860247536036689,False,43.6020510029343
SDSSJ082942.66+415436.8,GOLD,GOLD_HIGH_NATIVE_SN,5.0,matched,13,p3sf:q1:d088:stability:v1,2055805322,1027803833.0,5.061730118479595,5.0613216357494455,True,CL,0.0,unclassifiable,FIT_BOUNDARY_VALIDITY_AUDIT_NOT_IMPLEMENTED,unclassifiable,SOURCE_PROTOCOL_PIXEL_NSIGMA_PREPROCESSING_NOT_IMPLEMENTED,ok,3717.2827054383906,193.02894254206007,2.593968607171901,False,43.64435402848137,ok,2261.137903355607,125.29822175268416,1.860247536036689,False,43.6020510029343
SDSSJ082942.66+415436.8,GOLD,GOLD_HIGH_NATIVE_SN,5.0,faint_only,14,p3sf:q1:d088:stability:v1,3157806474,,5.130309052237704,25.604863287386916,True,CL,0.0,unclassifiable,FIT_BOUNDARY_VALIDITY_AUDIT_NOT_IMPLEMENTED,unclassifiable,SOURCE_PROTOCOL_PIXEL_NSIGMA_PREPROCESSING_NOT_IMPLEMENTED,ok,3753.736868302251,144.96376661826088,12.465434042078058,True,43.74786467107046,ok,1664.3079468488902,89.33430086238508,2.831955536594381,False,43.61329188063871
SDSSJ082942.66+415436.8,GOLD,GOLD_HIGH_NATIVE_SN,5.0,matched,14,p3sf:q1:d088:stability:v1,3157806474,575354392.0,5.130309052237704,5.212259265030999,True,CL,0.0,unclassifiable,FIT_BOUNDARY_VALIDITY_AUDIT_NOT_IMPLEMENTED,unclassifiable,SOURCE_PROTOCOL_PIXEL_NSIGMA_PREPROCESSING_NOT_IMPLEMENTED,ok,3259.394172544786,120.20931038495283,3.631634969186458,True,43.76450908652401,ok,1664.3079468488902,89.33430086238508,2.831955536594381,False,43.61329188063871
SDSSJ082942.66+415436.8,GOLD,GOLD_HIGH_NATIVE_SN,5.0,faint_only,15,p3sf:q1:d088:stability:v1,3339981314,,5.045817853732091,25.604863287386916,True,CL,0.0,unclassifiable,FIT_BOUNDARY_VALIDITY_AUDIT_NOT_IMPLEMENTED,unclassifiable,SOURCE_PROTOCOL_PIXEL_NSIGMA_PREPROCESSING_NOT_IMPLEMENTED,ok,3753.736868302251,144.96376661826088,12.465434042078058,True,43.74786467107046,ok,2145.1397248581234,129.7021688562522,2.549582612472042,False,43.56818496115093
SDSSJ082942.66+415436.8,GOLD,GOLD_HIGH_NATIVE_SN,5.0,matched,15,p3sf:q1:d088:stability:v1,3339981314,2601640849.0,5.045817853732091,5.1421833575121205,True,CL,0.0,unclassifiable,FIT_BOUNDARY_VALIDITY_AUDIT_NOT_IMPLEMENTED,unclassifiable,SOURCE_PROTOCOL_PIXEL_NSIGMA_PREPROCESSING_NOT_IMPLEMENTED,ok,3487.7316493694793,127.96750011100167,2.4846402874372377,False,43.76899116531862,ok,2145.1397248581234,129.7021688562522,2.549582612472042,False,43.56818496115093
SDSSJ082942.66+415436.8,GOLD,GOLD_HIGH_NATIVE_SN,5.0,faint_only,16,p3sf:q1:d088:stability:v1,2132063738,,5.014106025134858,25.604863287386916,True,CL,0.0,unclassifiable,FIT_BOUNDARY_VALIDITY_AUDIT_NOT_IMPLEMENTED,unclassifiable,SOURCE_PROTOCOL_PIXEL_NSIGMA_PREPROCESSING_NOT_IMPLEMENTED,ok,3753.736868302251,144.96376661826088,12.465434042078058,True,43.74786467107046,ok,1706.2453561081059,93.54523121491232,2.028802582549901,False,43.609307803386585
SDSSJ082942.66+415436.8,GOLD,GOLD_HIGH_NATIVE_SN,5.0,matched,16,p3sf:q1:d088:stability:v1,2132063738,1133067963.0,5.014106025134858,5.132025914107319,True,CL,0.0,unclassifiable,FIT_BOUNDARY_VALIDITY_AUDIT_NOT_IMPLEMENTED,unclassifiable,SOURCE_PROTOCOL_PIXEL_NSIGMA_PREPROCESSING_NOT_IMPLEMENTED,ok,3396.0022079979417,132.68276215695775,3.837300258697653,True,43.74501576829814,ok,1706.2453561081059,93.54523121491232,2.028802582549901,False,43.609307803386585
SDSSJ082942.66+415436.8,GOLD,GOLD_HIGH_NATIVE_SN,5.0,faint_only,17,p3sf:q1:d088:stability:v1,3607836169,,5.101882428057256,25.604863287386916,True,non-CL,0.5605063331191529,unclassifiable,FIT_BOUNDARY_VALIDITY_AUDIT_NOT_IMPLEMENTED,unclassifiable,SOURCE_PROTOCOL_PIXEL_NSIGMA_PREPROCESSING_NOT_IMPLEMENTED,ok,3753.736868302251,144.96376661826088,12.465434042078058,True,43.74786467107046,ok,2103.9932875462673,115.25671989207129,3.58268842954367,True,43.60751208636404
SDSSJ082942.66+415436.8,GOLD,GOLD_HIGH_NATIVE_SN,5.0,matched,17,p3sf:q1:d088:stability:v1,3607836169,3888037519.0,5.101882428057256,5.183166742111183,True,non-CL,0.66232251514652,unclassifiable,FIT_BOUNDARY_VALIDITY_AUDIT_NOT_IMPLEMENTED,unclassifiable,SOURCE_PROTOCOL_PIXEL_NSIGMA_PREPROCESSING_NOT_IMPLEMENTED,ok,3176.6899651309886,120.77270176177996,3.0803731759892083,True,43.75351415781309,ok,2103.9932875462673,115.25671989207129,3.58268842954367,True,43.60751208636404
SDSSJ082942.66+415436.8,GOLD,GOLD_HIGH_NATIVE_SN,5.0,faint_only,18,p3sf:q1:d088:stability:v1,1183433041,,5.082223315161363,25.604863287386916,True,non-CL,0.5159808892434089,unclassifiable,FIT_BOUNDARY_VALIDITY_AUDIT_NOT_IMPLEMENTED,unclassifiable,SOURCE_PROTOCOL_PIXEL_NSIGMA_PREPROCESSING_NOT_IMPLEMENTED,ok,3753.736868302251,144.96376661826088,12.465434042078058,True,43.74786467107046,ok,1936.8564872923644,106.94968294638767,3.4715328151040805,True,43.605893527201076
SDSSJ082942.66+415436.8,GOLD,GOLD_HIGH_NATIVE_SN,5.0,matched,18,p3sf:q1:d088:stability:v1,1183433041,1625463734.0,5.082223315161363,5.036180997024308,True,non-CL,0.4156506827028156,unclassifiable,FIT_BOUNDARY_VALIDITY_AUDIT_NOT_IMPLEMENTED,unclassifiable,SOURCE_PROTOCOL_PIXEL_NSIGMA_PREPROCESSING_NOT_IMPLEMENTED,ok,4659.817890103623,193.79557680295545,2.8754588214970975,False,43.71877937462513,ok,1936.8564872923644,106.94968294638767,3.4715328151040805,True,43.605893527201076
SDSSJ082942.66+415436.8,GOLD,GOLD_HIGH_NATIVE_SN,5.0,faint_only,19,p3sf:q1:d088:stability:v1,921251439,,5.031936597313634,25.604863287386916,True,non-CL,0.4799031868277454,unclassifiable,FIT_BOUNDARY_VALIDITY_AUDIT_NOT_IMPLEMENTED,unclassifiable,SOURCE_PROTOCOL_PIXEL_NSIGMA_PREPROCESSING_NOT_IMPLEMENTED,ok,3753.736868302251,144.96376661826088,12.465434042078058,True,43.74786467107046,ok,1801.4302856110512,95.33118051372716,3.0106421221185444,True,43.61965954149939
SDSSJ082942.66+415436.8,GOLD,GOLD_HIGH_NATIVE_SN,5.0,matched,19,p3sf:q1:d088:stability:v1,921251439,1045605134.0,5.031936597313634,5.075655247863541,True,non-CL,0.47980327814558504,unclassifiable,FIT_BOUNDARY_VALIDITY_AUDIT_NOT_IMPLEMENTED,unclassifiable,SOURCE_PROTOCOL_PIXEL_NSIGMA_PREPROCESSING_NOT_IMPLEMENTED,ok,3754.5185030279213,156.53398355388993,2.8656866150305795,False,43.72055101300337,ok,1801.4302856110512,95.33118051372716,3.0106421221185444,True,43.61965954149939
SDSSJ082942.66+415436.8,GOLD,GOLD_HIGH_NATIVE_SN,10.0,faint_only,0,p3sf:q1:d088:stability:v1,398339083,,10.083028669477274,25.604863287386916,True,non-CL,0.4372021924352795,unclassifiable,FIT_BOUNDARY_VALIDITY_AUDIT_NOT_IMPLEMENTED,unclassifiable,SOURCE_PROTOCOL_PIXEL_NSIGMA_PREPROCESSING_NOT_IMPLEMENTED,ok,3753.736868302251,144.96376661826088,12.465434042078058,True,43.74786467107046,ok,1641.1419886468843,87.18295566483046,3.9637529319971776,True,43.61945013401751
SDSSJ082942.66+415436.8,GOLD,GOLD_HIGH_NATIVE_SN,10.0,matched,0,p3sf:q1:d088:stability:v1,398339083,4017319140.0,10.083028669477274,10.210389459442197,True,non-CL,0.46632015794700904,unclassifiable,FIT_BOUNDARY_VALIDITY_AUDIT_NOT_IMPLEMENTED,unclassifiable,SOURCE_PROTOCOL_PIXEL_NSIGMA_PREPROCESSING_NOT_IMPLEMENTED,ok,3519.346012988308,135.97248262272717,4.787863016809065,True,43.748166637053814,ok,1641.1419886468843,87.18295566483046,3.9637529319971776,True,43.61945013401751
SDSSJ082942.66+415436.8,GOLD,GOLD_HIGH_NATIVE_SN,10.0,faint_only,1,p3sf:q1:d088:stability:v1,204314207,,10.124207570980314,25.604863287386916,True,non-CL,0.5725089651578855,unclassifiable,FIT_BOUNDARY_VALIDITY_AUDIT_NOT_IMPLEMENTED,unclassifiable,SOURCE_PROTOCOL_PIXEL_NSIGMA_PREPROCESSING_NOT_IMPLEMENTED,ok,3753.736868302251,144.96376661826088,12.465434042078058,True,43.74786467107046,ok,2149.0480099467236,133.1364842923021,3.9589906595600812,True,43.56251393238432
SDSSJ082942.66+415436.8,GOLD,GOLD_HIGH_NATIVE_SN,10.0,matched,1,p3sf:q1:d088:stability:v1,204314207,1558791945.0,10.124207570980314,10.207554839581137,True,non-CL,0.6407979863298029,unclassifiable,FIT_BOUNDARY_VALIDITY_AUDIT_NOT_IMPLEMENTED,unclassifiable,SOURCE_PROTOCOL_PIXEL_NSIGMA_PREPROCESSING_NOT_IMPLEMENTED,ok,3353.7059350880386,143.03248942558776,5.402028153991571,True,43.710756703334035,ok,2149.0480099467236,133.1364842923021,3.9589906595600812,True,43.56251393238432
SDSSJ082942.66+415436.8,GOLD,GOLD_HIGH_NATIVE_SN,10.0,faint_only,2,p3sf:q1:d088:stability:v1,4053170432,,10.039058100033555,25.604863287386916,True,non-CL,0.48206908810502436,unclassifiable,FIT_BOUNDARY_VALIDITY_AUDIT_NOT_IMPLEMENTED,unclassifiable,SOURCE_PROTOCOL_PIXEL_NSIGMA_PREPROCESSING_NOT_IMPLEMENTED,ok,3753.736868302251,144.96376661826088,12.465434042078058,True,43.74786467107046,ok,1809.560509088676,94.9078758267713,4.075321548341475,True,43.624147459768835
SDSSJ082942.66+415436.8,GOLD,GOLD_HIGH_NATIVE_SN,10.0,matched,2,p3sf:q1:d088:stability:v1,4053170432,3775416599.0,10.039058100033555,10.197603963179485,True,non-CL,0.598163564582665,unclassifiable,FIT_BOUNDARY_VALIDITY_AUDIT_NOT_IMPLEMENTED,unclassifiable,SOURCE_PROTOCOL_PIXEL_NSIGMA_PREPROCESSING_NOT_IMPLEMENTED,ok,3025.1934691996753,110.21834580068094,5.00201939216238,True,43.771067998012676,ok,1809.560509088676,94.9078758267713,4.075321548341475,True,43.624147459768835
SDSSJ082942.66+415436.8,GOLD,GOLD_HIGH_NATIVE_SN,10.0,faint_only,3,p3sf:q1:d088:stability:v1,2990390902,,10.114072350500582,25.604863287386916,True,non-CL,0.5534309542478544,unclassifiable,FIT_BOUNDARY_VALIDITY_AUDIT_NOT_IMPLEMENTED,unclassifiable,SOURCE_PROTOCOL_PIXEL_NSIGMA_PREPROCESSING_NOT_IMPLEMENTED,ok,3753.736868302251,144.96376661826088,12.465434042078058,True,43.74786467107046,ok,2077.434177019867,132.99427368153667,3.9521508814071886,True,43.5488930224551
SDSSJ082942.66+415436.8,GOLD,GOLD_HIGH_NATIVE_SN,10.0,matched,3,p3sf:q1:d088:stability:v1,2990390902,1147561698.0,10.114072350500582,10.209438874310125,True,non-CL,196.3756446528513,unclassifiable,FIT_BOUNDARY_VALIDITY_AUDIT_NOT_IMPLEMENTED,unclassifiable,SOURCE_PROTOCOL_PIXEL_NSIGMA_PREPROCESSING_NOT_IMPLEMENTED,ok,10.57887896786952,0.28428863182599007,0.02108134164148112,False,43.860812848228086,ok,2077.434177019867,132.99427368153667,3.9521508814071886,True,43.5488930224551
SDSSJ082942.66+415436.8,GOLD,GOLD_HIGH_NATIVE_SN,10.0,faint_only,4,p3sf:q1:d088:stability:v1,3525061627,,10.03881019684925,25.604863287386916,True,non-CL,0.5075093597283103,unclassifiable,FIT_BOUNDARY_VALIDITY_AUDIT_NOT_IMPLEMENTED,unclassifiable,SOURCE_PROTOCOL_PIXEL_NSIGMA_PREPROCESSING_NOT_IMPLEMENTED,ok,3753.736868302251,144.96376661826088,12.465434042078058,True,43.74786467107046,ok,1905.0565946206282,101.25887498941765,6.078507513362069,True,43.619159622055484
SDSSJ082942.66+415436.8,GOLD,GOLD_HIGH_NATIVE_SN,10.0,matched,4,p3sf:q1:d088:stability:v1,3525061627,3197943131.0,10.03881019684925,10.075143961352714,True,non-CL,0.43840173149934114,unclassifiable,FIT_BOUNDARY_VALIDITY_AUDIT_NOT_IMPLEMENTED,unclassifiable,SOURCE_PROTOCOL_PIXEL_NSIGMA_PREPROCESSING_NOT_IMPLEMENTED,ok,4345.458646126473,187.71964610991458,6.592781900432222,True,43.705737168722926,ok,1905.0565946206282,101.25887498941765,6.078507513362069,True,43.619159622055484
SDSSJ082942.66+415436.8,GOLD,GOLD_HIGH_NATIVE_SN,10.0,faint_only,5,p3sf:q1:d088:stability:v1,1687442234,,10.126550383982382,25.604863287386916,True,non-CL,0.5558033597692128,unclassifiable,FIT_BOUNDARY_VALIDITY_AUDIT_NOT_IMPLEMENTED,unclassifiable,SOURCE_PROTOCOL_PIXEL_NSIGMA_PREPROCESSING_NOT_IMPLEMENTED,ok,3753.736868302251,144.96376661826088,12.465434042078058,True,43.74786467107046,ok,2086.339563091954,118.30569393191604,6.08357484205904,True,43.59706356935335
SDSSJ082942.66+415436.8,GOLD,GOLD_HIGH_NATIVE_SN,10.0,matched,5,p3sf:q1:d088:stability:v1,1687442234,1916887668.0,10.126550383982382,10.217292349156345,True,non-CL,0.604817782615445,unclassifiable,FIT_BOUNDARY_VALIDITY_AUDIT_NOT_IMPLEMENTED,unclassifiable,SOURCE_PROTOCOL_PIXEL_NSIGMA_PREPROCESSING_NOT_IMPLEMENTED,ok,3449.534096153534,129.72225828170474,6.930197533086497,True,43.758542661540694,ok,2086.339563091954,118.30569393191604,6.08357484205904,True,43.59706356935335
SDSSJ082942.66+415436.8,GOLD,GOLD_HIGH_NATIVE_SN,10.0,faint_only,6,p3sf:q1:d088:stability:v1,1070406755,,10.067508906807843,25.604863287386916,True,non-CL,0.5002482310937683,unclassifiable,FIT_BOUNDARY_VALIDITY_AUDIT_NOT_IMPLEMENTED,unclassifiable,SOURCE_PROTOCOL_PIXEL_NSIGMA_PREPROCESSING_NOT_IMPLEMENTED,ok,3753.736868302251,144.96376661826088,12.465434042078058,True,43.74786467107046,ok,1877.8002283596622,99.64933247353365,5.416162544968627,True,43.62033775960671
SDSSJ082942.66+415436.8,GOLD,GOLD_HIGH_NATIVE_SN,10.0,matched,6,p3sf:q1:d088:stability:v1,1070406755,2929036623.0,10.067508906807843,10.043324358596392,True,non-CL,0.5484943445907342,unclassifiable,FIT_BOUNDARY_VALIDITY_AUDIT_NOT_IMPLEMENTED,unclassifiable,SOURCE_PROTOCOL_PIXEL_NSIGMA_PREPROCESSING_NOT_IMPLEMENTED,ok,3423.55440284586,132.26321042971404,7.254559063203644,True,43.74807560866908,ok,1877.8002283596622,99.64933247353365,5.416162544968627,True,43.62033775960671
SDSSJ082942.66+415436.8,GOLD,GOLD_HIGH_NATIVE_SN,10.0,faint_only,7,p3sf:q1:d088:stability:v1,3936914979,,10.09056639447156,25.604863287386916,True,non-CL,0.477987684296466,unclassifiable,FIT_BOUNDARY_VALIDITY_AUDIT_NOT_IMPLEMENTED,unclassifiable,SOURCE_PROTOCOL_PIXEL_NSIGMA_PREPROCESSING_NOT_IMPLEMENTED,ok,3753.736868302251,144.96376661826088,12.465434042078058,True,43.74786467107046,ok,1794.2399931380612,104.72346744950724,4.214817625944761,True,43.5843976004178
SDSSJ082942.66+415436.8,GOLD,GOLD_HIGH_NATIVE_SN,10.0,matched,7,p3sf:q1:d088:stability:v1,3936914979,75919946.0,10.09056639447156,10.198313612422906,True,non-CL,0.5738388457690802,unclassifiable,FIT_BOUNDARY_VALIDITY_AUDIT_NOT_IMPLEMENTED,unclassifiable,SOURCE_PROTOCOL_PIXEL_NSIGMA_PREPROCESSING_NOT_IMPLEMENTED,ok,3126.7314967730254,124.34886930316122,5.200177053537936,True,43.73768208165167,ok,1794.2399931380612,104.72346744950724,4.214817625944761,True,43.5843976004178
SDSSJ082942.66+415436.8,GOLD,GOLD_HIGH_NATIVE_SN,10.0,faint_only,8,p3sf:q1:d088:stability:v1,2763291663,,10.093736675883884,25.604863287386916,True,non-CL,0.547135832150363,unclassifiable,FIT_BOUNDARY_VALIDITY_AUDIT_NOT_IMPLEMENTED,unclassifiable,SOURCE_PROTOCOL_PIXEL_NSIGMA_PREPROCESSING_NOT_IMPLEMENTED,ok,3753.736868302251,144.96376661826088,12.465434042078058,True,43.74786467107046,ok,2053.8039451120494,114.68152194738575,4.227094568124039,True,43.5999617502929
SDSSJ082942.66+415436.8,GOLD,GOLD_HIGH_NATIVE_SN,10.0,matched,8,p3sf:q1:d088:stability:v1,2763291663,2248942887.0,10.093736675883884,10.225761225065657,True,non-CL,0.5541948818581485,unclassifiable,FIT_BOUNDARY_VALIDITY_AUDIT_NOT_IMPLEMENTED,unclassifiable,SOURCE_PROTOCOL_PIXEL_NSIGMA_PREPROCESSING_NOT_IMPLEMENTED,ok,3705.923696418655,140.98782005112616,4.590815175496849,True,43.75302816193672,ok,2053.8039451120494,114.68152194738575,4.227094568124039,True,43.5999617502929
SDSSJ082942.66+415436.8,GOLD,GOLD_HIGH_NATIVE_SN,10.0,faint_only,9,p3sf:q1:d088:stability:v1,2510259861,,10.053090668350315,25.604863287386916,True,non-CL,0.5236704839933651,unclassifiable,FIT_BOUNDARY_VALIDITY_AUDIT_NOT_IMPLEMENTED,unclassifiable,SOURCE_PROTOCOL_PIXEL_NSIGMA_PREPROCESSING_NOT_IMPLEMENTED,ok,3753.736868302251,144.96376661826088,12.465434042078058,True,43.74786467107046,ok,1965.7212026075783,113.97740973123473,6.1481774957263395,True,43.58582787239672
SDSSJ082942.66+415436.8,GOLD,GOLD_HIGH_NATIVE_SN,10.0,matched,9,p3sf:q1:d088:stability:v1,2510259861,1141946561.0,10.053090668350315,10.096086683182596,True,non-CL,0.7042256538254641,unclassifiable,FIT_BOUNDARY_VALIDITY_AUDIT_NOT_IMPLEMENTED,unclassifiable,SOURCE_PROTOCOL_PIXEL_NSIGMA_PREPROCESSING_NOT_IMPLEMENTED,ok,2791.3229118102595,105.54608578223795,5.641928598933186,True,43.75656383398542,ok,1965.7212026075783,113.97740973123473,6.1481774957263395,True,43.58582787239672
SDSSJ082942.66+415436.8,GOLD,GOLD_HIGH_NATIVE_SN,10.0,faint_only,10,p3sf:q1:d088:stability:v1,1147723695,,10.142407580324452,25.604863287386916,True,non-CL,0.4578293351044639,unclassifiable,FIT_BOUNDARY_VALIDITY_AUDIT_NOT_IMPLEMENTED,unclassifiable,SOURCE_PROTOCOL_PIXEL_NSIGMA_PREPROCESSING_NOT_IMPLEMENTED,ok,3753.736868302251,144.96376661826088,12.465434042078058,True,43.74786467107046,ok,1718.5708545719322,91.31763911628123,4.16864380351197,True,43.61992786982085
SDSSJ082942.66+415436.8,GOLD,GOLD_HIGH_NATIVE_SN,10.0,matched,10,p3sf:q1:d088:stability:v1,1147723695,3977882602.0,10.142407580324452,10.033571001950714,True,non-CL,0.579551739883179,unclassifiable,FIT_BOUNDARY_VALIDITY_AUDIT_NOT_IMPLEMENTED,unclassifiable,SOURCE_PROTOCOL_PIXEL_NSIGMA_PREPROCESSING_NOT_IMPLEMENTED,ok,2965.3450008076015,109.3616886431267,7.047719150836645,True,43.76697791545217,ok,1718.5708545719322,91.31763911628123,4.16864380351197,True,43.61992786982085
SDSSJ082942.66+415436.8,GOLD,GOLD_HIGH_NATIVE_SN,10.0,faint_only,11,p3sf:q1:d088:stability:v1,1218249819,,9.941395447905714,25.604863287386916,True,non-CL,0.430205552732642,unclassifiable,FIT_BOUNDARY_VALIDITY_AUDIT_NOT_IMPLEMENTED,unclassifiable,SOURCE_PROTOCOL_PIXEL_NSIGMA_PREPROCESSING_NOT_IMPLEMENTED,ok,3753.736868302251,144.96376661826088,12.465434042078058,True,43.74786467107046,ok,1614.8784442408664,85.01562592895702,4.102839407308794,True,43.62353485759481
SDSSJ082942.66+415436.8,GOLD,GOLD_HIGH_NATIVE_SN,10.0,matched,11,p3sf:q1:d088:stability:v1,1218249819,244954114.0,9.941395447905714,10.165999630833642,True,non-CL,0.4906689403209992,unclassifiable,FIT_BOUNDARY_VALIDITY_AUDIT_NOT_IMPLEMENTED,unclassifiable,SOURCE_PROTOCOL_PIXEL_NSIGMA_PREPROCESSING_NOT_IMPLEMENTED,ok,3291.1772307910933,129.1542752306606,5.119826407936215,True,43.741330919841104,ok,1614.8784442408664,85.01562592895702,4.102839407308794,True,43.62353485759481
SDSSJ082942.66+415436.8,GOLD,GOLD_HIGH_NATIVE_SN,10.0,faint_only,12,p3sf:q1:d088:stability:v1,3079248682,,10.190642890231103,25.604863287386916,True,non-CL,0.5941142310839175,unclassifiable,FIT_BOUNDARY_VALIDITY_AUDIT_NOT_IMPLEMENTED,unclassifiable,SOURCE_PROTOCOL_PIXEL_NSIGMA_PREPROCESSING_NOT_IMPLEMENTED,ok,3753.736868302251,144.96376661826088,12.465434042078058,True,43.74786467107046,ok,2230.1484932027442,136.98639328536296,6.21034637518094,True,43.564306087921096
SDSSJ082942.66+415436.8,GOLD,GOLD_HIGH_NATIVE_SN,10.0,matched,12,p3sf:q1:d088:stability:v1,3079248682,3005726009.0,10.190642890231103,10.205302672485965,True,non-CL,0.6456264670487497,unclassifiable,FIT_BOUNDARY_VALIDITY_AUDIT_NOT_IMPLEMENTED,unclassifiable,SOURCE_PROTOCOL_PIXEL_NSIGMA_PREPROCESSING_NOT_IMPLEMENTED,ok,3454.2395750859932,132.2803541615514,5.463420077748586,True,43.75094465147721,ok,2230.1484932027442,136.98639328536296,6.21034637518094,True,43.564306087921096
SDSSJ082942.66+415436.8,GOLD,GOLD_HIGH_NATIVE_SN,10.0,faint_only,13,p3sf:q1:d088:stability:v1,3634808299,,10.042428050805965,25.604863287386916,True,non-CL,0.5467921084238554,unclassifiable,FIT_BOUNDARY_VALIDITY_AUDIT_NOT_IMPLEMENTED,unclassifiable,SOURCE_PROTOCOL_PIXEL_NSIGMA_PREPROCESSING_NOT_IMPLEMENTED,ok,3753.736868302251,144.96376661826088,12.465434042078058,True,43.74786467107046,ok,2052.513696687348,108.85603218508851,5.130833267983498,True,43.61927168411586
SDSSJ082942.66+415436.8,GOLD,GOLD_HIGH_NATIVE_SN,10.0,matched,13,p3sf:q1:d088:stability:v1,3634808299,2266711558.0,10.042428050805965,10.190692249451477,True,non-CL,0.6488159771985682,unclassifiable,FIT_BOUNDARY_VALIDITY_AUDIT_NOT_IMPLEMENTED,unclassifiable,SOURCE_PROTOCOL_PIXEL_NSIGMA_PREPROCESSING_NOT_IMPLEMENTED,ok,3163.4758834848826,117.65985823106153,6.926569314175472,True,43.76237515523875,ok,2052.513696687348,108.85603218508851,5.130833267983498,True,43.61927168411586
SDSSJ082942.66+415436.8,GOLD,GOLD_HIGH_NATIVE_SN,10.0,faint_only,14,p3sf:q1:d088:stability:v1,275715531,,10.06854779165649,25.604863287386916,True,non-CL,0.5359588347833607,unclassifiable,FIT_BOUNDARY_VALIDITY_AUDIT_NOT_IMPLEMENTED,unclassifiable,SOURCE_PROTOCOL_PIXEL_NSIGMA_PREPROCESSING_NOT_IMPLEMENTED,ok,3753.736868302251,144.96376661826088,12.465434042078058,True,43.74786467107046,ok,2011.848438018616,106.60802404751229,6.523875129363257,True,43.622371383376915
SDSSJ082942.66+415436.8,GOLD,GOLD_HIGH_NATIVE_SN,10.0,matched,14,p3sf:q1:d088:stability:v1,275715531,3019671592.0,10.06854779165649,10.170690248933889,True,non-CL,0.7065117278754826,unclassifiable,FIT_BOUNDARY_VALIDITY_AUDIT_NOT_IMPLEMENTED,unclassifiable,SOURCE_PROTOCOL_PIXEL_NSIGMA_PREPROCESSING_NOT_IMPLEMENTED,ok,2847.57967722397,106.30921538416081,5.441173964651042,True,43.76080071841488,ok,2011.848438018616,106.60802404751229,6.523875129363257,True,43.622371383376915
SDSSJ082942.66+415436.8,GOLD,GOLD_HIGH_NATIVE_SN,10.0,faint_only,15,p3sf:q1:d088:stability:v1,3758247621,,10.160638693874038,25.604863287386916,True,non-CL,0.5615242525457641,unclassifiable,FIT_BOUNDARY_VALIDITY_AUDIT_NOT_IMPLEMENTED,unclassifiable,SOURCE_PROTOCOL_PIXEL_NSIGMA_PREPROCESSING_NOT_IMPLEMENTED,ok,3753.736868302251,144.96376661826088,12.465434042078058,True,43.74786467107046,ok,2107.814289226899,116.49947698262824,6.0297898218410495,True,43.60356873601558
SDSSJ082942.66+415436.8,GOLD,GOLD_HIGH_NATIVE_SN,10.0,matched,15,p3sf:q1:d088:stability:v1,3758247621,2635056001.0,10.160638693874038,10.122625330793579,True,non-CL,0.577310080940512,unclassifiable,FIT_BOUNDARY_VALIDITY_AUDIT_NOT_IMPLEMENTED,unclassifiable,SOURCE_PROTOCOL_PIXEL_NSIGMA_PREPROCESSING_NOT_IMPLEMENTED,ok,3651.095587648495,152.458355612458,6.789308353875055,True,43.71873119912394,ok,2107.814289226899,116.49947698262824,6.0297898218410495,True,43.60356873601558
SDSSJ082942.66+415436.8,GOLD,GOLD_HIGH_NATIVE_SN,10.0,faint_only,16,p3sf:q1:d088:stability:v1,1728845354,,9.961054389041458,25.604863287386916,True,non-CL,0.4628187526282511,unclassifiable,FIT_BOUNDARY_VALIDITY_AUDIT_NOT_IMPLEMENTED,unclassifiable,SOURCE_PROTOCOL_PIXEL_NSIGMA_PREPROCESSING_NOT_IMPLEMENTED,ok,3753.736868302251,144.96376661826088,12.465434042078058,True,43.74786467107046,ok,1737.2998150823255,93.1195312077686,3.8724128295653624,True,43.61804947424647
SDSSJ082942.66+415436.8,GOLD,GOLD_HIGH_NATIVE_SN,10.0,matched,16,p3sf:q1:d088:stability:v1,1728845354,921037321.0,9.961054389041458,10.100839698516424,True,non-CL,0.5794910430451314,unclassifiable,FIT_BOUNDARY_VALIDITY_AUDIT_NOT_IMPLEMENTED,unclassifiable,SOURCE_PROTOCOL_PIXEL_NSIGMA_PREPROCESSING_NOT_IMPLEMENTED,ok,2997.9752680094875,114.64501432690102,4.927527041390202,True,43.751853437421644,ok,1737.2998150823255,93.1195312077686,3.8724128295653624,True,43.61804947424647
SDSSJ082942.66+415436.8,GOLD,GOLD_HIGH_NATIVE_SN,10.0,faint_only,17,p3sf:q1:d088:stability:v1,2989116670,,10.019121305361425,25.604863287386916,True,non-CL,0.45032749021817375,unclassifiable,FIT_BOUNDARY_VALIDITY_AUDIT_NOT_IMPLEMENTED,unclassifiable,SOURCE_PROTOCOL_PIXEL_NSIGMA_PREPROCESSING_NOT_IMPLEMENTED,ok,3753.736868302251,144.96376661826088,12.465434042078058,True,43.74786467107046,ok,1690.41090284198,90.7678396295329,4.192563682675688,True,43.61683300338761
SDSSJ082942.66+415436.8,GOLD,GOLD_HIGH_NATIVE_SN,10.0,matched,17,p3sf:q1:d088:stability:v1,2989116670,3055744224.0,10.019121305361425,10.123077480850633,True,non-CL,0.44980411698001976,unclassifiable,FIT_BOUNDARY_VALIDITY_AUDIT_NOT_IMPLEMENTED,unclassifiable,SOURCE_PROTOCOL_PIXEL_NSIGMA_PREPROCESSING_NOT_IMPLEMENTED,ok,3758.1045593610424,153.03659015253493,5.333135137077459,True,43.72944339954858,ok,1690.41090284198,90.7678396295329,4.192563682675688,True,43.61683300338761
SDSSJ082942.66+415436.8,GOLD,GOLD_HIGH_NATIVE_SN,10.0,faint_only,18,p3sf:q1:d088:stability:v1,2648038384,,9.988478036850886,25.604863287386916,True,non-CL,0.5771313382323867,unclassifiable,FIT_BOUNDARY_VALIDITY_AUDIT_NOT_IMPLEMENTED,unclassifiable,SOURCE_PROTOCOL_PIXEL_NSIGMA_PREPROCESSING_NOT_IMPLEMENTED,ok,3753.736868302251,144.96376661826088,12.465434042078058,True,43.74786467107046,ok,2166.3991821755267,115.62989652753043,5.599936396142969,True,43.618296264190334
SDSSJ082942.66+415436.8,GOLD,GOLD_HIGH_NATIVE_SN,10.0,matched,18,p3sf:q1:d088:stability:v1,2648038384,3303594732.0,9.988478036850886,10.125224094380503,True,non-CL,0.6698390855497429,unclassifiable,FIT_BOUNDARY_VALIDITY_AUDIT_NOT_IMPLEMENTED,unclassifiable,SOURCE_PROTOCOL_PIXEL_NSIGMA_PREPROCESSING_NOT_IMPLEMENTED,ok,3234.2083776696063,124.24217507411058,7.107791927052251,True,43.74987123748158,ok,2166.3991821755267,115.62989652753043,5.599936396142969,True,43.618296264190334
SDSSJ082942.66+415436.8,GOLD,GOLD_HIGH_NATIVE_SN,10.0,faint_only,19,p3sf:q1:d088:stability:v1,1809981416,,10.063758858765759,25.604863287386916,True,non-CL,0.5416479667069466,unclassifiable,FIT_BOUNDARY_VALIDITY_AUDIT_NOT_IMPLEMENTED,unclassifiable,SOURCE_PROTOCOL_PIXEL_NSIGMA_PREPROCESSING_NOT_IMPLEMENTED,ok,3753.736868302251,144.96376661826088,12.465434042078058,True,43.74786467107046,ok,2033.2039422688158,112.06725204546063,4.224270021852296,True,43.60587293658777
SDSSJ082942.66+415436.8,GOLD,GOLD_HIGH_NATIVE_SN,10.0,matched,19,p3sf:q1:d088:stability:v1,1809981416,3544857127.0,10.063758858765759,10.086058985197566,True,non-CL,0.6517088320828506,unclassifiable,FIT_BOUNDARY_VALIDITY_AUDIT_NOT_IMPLEMENTED,unclassifiable,SOURCE_PROTOCOL_PIXEL_NSIGMA_PREPROCESSING_NOT_IMPLEMENTED,ok,3119.804185821343,116.9324860111502,4.747266942991839,True,43.75969437220587,ok,2033.2039422688158,112.06725204546063,4.224270021852296,True,43.60587293658777
SDSSJ012256.19-000252.68,SILVER,SILVER_LOW_NATIVE_SN,5.0,faint_only,0,p3sf:q1:d088:stability:v1,604027325,,4.946697390091134,14.271770076990919,True,CL,0.0,unclassifiable,FIT_BOUNDARY_VALIDITY_AUDIT_NOT_IMPLEMENTED,unclassifiable,SOURCE_PROTOCOL_PIXEL_NSIGMA_PREPROCESSING_NOT_IMPLEMENTED,ok,674.6032276882547,85.40830337431274,3.2296126184119096,True,44.18062227709266,ok,306.5593392204181,66.94500257148849,0.9076380143305894,False,43.98733737307006
SDSSJ012256.19-000252.68,SILVER,SILVER_LOW_NATIVE_SN,5.0,matched,0,p3sf:q1:d088:stability:v1,604027325,2541246869.0,4.946697390091134,5.043321472430204,True,CL,0.0,unclassifiable,FIT_BOUNDARY_VALIDITY_AUDIT_NOT_IMPLEMENTED,unclassifiable,SOURCE_PROTOCOL_PIXEL_NSIGMA_PREPROCESSING_NOT_IMPLEMENTED,ok,446.1146461981516,69.30223313996457,1.760413117176779,False,44.08240731028372,ok,306.5593392204181,66.94500257148849,0.9076380143305894,False,43.98733737307006
SDSSJ012256.19-000252.68,SILVER,SILVER_LOW_NATIVE_SN,5.0,faint_only,1,p3sf:q1:d088:stability:v1,2538599723,,4.9622031032419995,14.271770076990919,True,CL,0.0,unclassifiable,FIT_BOUNDARY_VALIDITY_AUDIT_NOT_IMPLEMENTED,unclassifiable,SOURCE_PROTOCOL_PIXEL_NSIGMA_PREPROCESSING_NOT_IMPLEMENTED,ok,674.6032276882547,85.40830337431274,3.2296126184119096,True,44.18062227709266,ok,7.57820152823363,1.7478037805967859,0.021960308824357847,False,43.9459987575426
SDSSJ012256.19-000252.68,SILVER,SILVER_LOW_NATIVE_SN,5.0,matched,1,p3sf:q1:d088:stability:v1,2538599723,4073123213.0,4.9622031032419995,4.952908152623087,True,CL,0.0,unclassifiable,FIT_BOUNDARY_VALIDITY_AUDIT_NOT_IMPLEMENTED,unclassifiable,SOURCE_PROTOCOL_PIXEL_NSIGMA_PREPROCESSING_NOT_IMPLEMENTED,ok,503.86592684224996,62.67582420478112,1.5402824376511153,False,44.185232625780486,ok,7.57820152823363,1.7478037805967859,0.021960308824357847,False,43.9459987575426
SDSSJ012256.19-000252.68,SILVER,SILVER_LOW_NATIVE_SN,5.0,faint_only,2,p3sf:q1:d088:stability:v1,1208125656,,5.002671120835501,14.271770076990919,True,CL,0.0,unclassifiable,FIT_BOUNDARY_VALIDITY_AUDIT_NOT_IMPLEMENTED,unclassifiable,SOURCE_PROTOCOL_PIXEL_NSIGMA_PREPROCESSING_NOT_IMPLEMENTED,ok,674.6032276882547,85.40830337431274,3.2296126184119096,True,44.18062227709266,ok,409.8935997045403,93.58771546394709,1.1660814363633658,False,43.97310797822739
SDSSJ012256.19-000252.68,SILVER,SILVER_LOW_NATIVE_SN,5.0,matched,2,p3sf:q1:d088:stability:v1,1208125656,2586761900.0,5.002671120835501,4.9445858035510755,True,CL,0.0,unclassifiable,FIT_BOUNDARY_VALIDITY_AUDIT_NOT_IMPLEMENTED,unclassifiable,SOURCE_PROTOCOL_PIXEL_NSIGMA_PREPROCESSING_NOT_IMPLEMENTED,ok,334.25122381612726,41.176364459616394,1.6848514952882858,False,44.18746070202759,ok,409.8935997045403,93.58771546394709,1.1660814363633658,False,43.97310797822739
SDSSJ012256.19-000252.68,SILVER,SILVER_LOW_NATIVE_SN,5.0,faint_only,3,p3sf:q1:d088:stability:v1,2209679746,,5.039702640822117,14.271770076990919,True,CL,0.0,unclassifiable,FIT_BOUNDARY_VALIDITY_AUDIT_NOT_IMPLEMENTED,unclassifiable,SOURCE_PROTOCOL_PIXEL_NSIGMA_PREPROCESSING_NOT_IMPLEMENTED,ok,674.6032276882547,85.40830337431274,3.2296126184119096,True,44.18062227709266,ok,267.97663202700585,54.8419187740492,0.6410330347694496,False,44.007956745241
SDSSJ012256.19-000252.68,SILVER,SILVER_LOW_NATIVE_SN,5.0,matched,3,p3sf:q1:d088:stability:v1,2209679746,2183050031.0,5.039702640822117,5.087083531209445,True,CL,0.0,unclassifiable,FIT_BOUNDARY_VALIDITY_AUDIT_NOT_IMPLEMENTED,unclassifiable,SOURCE_PROTOCOL_PIXEL_NSIGMA_PREPROCESSING_NOT_IMPLEMENTED,ok,508.84882332219985,68.73051086475866,2.315040976273194,False,44.151323528503305,ok,267.97663202700585,54.8419187740492,0.6410330347694496,False,44.007956745241
SDSSJ012256.19-000252.68,SILVER,SILVER_LOW_NATIVE_SN,5.0,faint_only,4,p3sf:q1:d088:stability:v1,1426473189,,5.051846185472456,14.271770076990919,True,CL,0.0,unclassifiable,FIT_BOUNDARY_VALIDITY_AUDIT_NOT_IMPLEMENTED,unclassifiable,SOURCE_PROTOCOL_PIXEL_NSIGMA_PREPROCESSING_NOT_IMPLEMENTED,ok,674.6032276882547,85.40830337431274,3.2296126184119096,True,44.18062227709266,ok,316.127886486205,72.11901844586777,0.8672035862572152,False,43.966405670795815
SDSSJ012256.19-000252.68,SILVER,SILVER_LOW_NATIVE_SN,5.0,matched,4,p3sf:q1:d088:stability:v1,1426473189,2739913124.0,5.051846185472456,5.043083920854914,True,CL,0.0,unclassifiable,FIT_BOUNDARY_VALIDITY_AUDIT_NOT_IMPLEMENTED,unclassifiable,SOURCE_PROTOCOL_PIXEL_NSIGMA_PREPROCESSING_NOT_IMPLEMENTED,ok,741.1102989403503,103.90644780028614,1.9423519089222452,False,44.13526791850511,ok,316.127886486205,72.11901844586777,0.8672035862572152,False,43.966405670795815
SDSSJ012256.19-000252.68,SILVER,SILVER_LOW_NATIVE_SN,5.0,faint_only,5,p3sf:q1:d088:stability:v1,1962522867,,5.089907160721993,14.271770076990919,True,CL,0.0,unclassifiable,FIT_BOUNDARY_VALIDITY_AUDIT_NOT_IMPLEMENTED,unclassifiable,SOURCE_PROTOCOL_PIXEL_NSIGMA_PREPROCESSING_NOT_IMPLEMENTED,ok,674.6032276882547,85.40830337431274,3.2296126184119096,True,44.18062227709266,ok,316.84771995386836,56.83740978485092,0.8744676587834908,False,44.05760482901819
SDSSJ012256.19-000252.68,SILVER,SILVER_LOW_NATIVE_SN,5.0,matched,5,p3sf:q1:d088:stability:v1,1962522867,2475307697.0,5.089907160721993,4.971115465502178,True,CL,0.0,unclassifiable,FIT_BOUNDARY_VALIDITY_AUDIT_NOT_IMPLEMENTED,unclassifiable,SOURCE_PROTOCOL_PIXEL_NSIGMA_PREPROCESSING_NOT_IMPLEMENTED,ok,709.410235984082,84.01863415394723,1.1911797022873245,False,44.207857855062095,ok,316.84771995386836,56.83740978485092,0.8744676587834908,False,44.05760482901819
SDSSJ012256.19-000252.68,SILVER,SILVER_LOW_NATIVE_SN,5.0,faint_only,6,p3sf:q1:d088:stability:v1,1568727932,,5.091152175405727,14.271770076990919,True,CL,0.0,unclassifiable,FIT_BOUNDARY_VALIDITY_AUDIT_NOT_IMPLEMENTED,unclassifiable,SOURCE_PROTOCOL_PIXEL_NSIGMA_PREPROCESSING_NOT_IMPLEMENTED,ok,674.6032276882547,85.40830337431274,3.2296126184119096,True,44.18062227709266,ok,229.5733396795123,47.87696862948311,0.8066450661380642,False,43.99792241240114
SDSSJ012256.19-000252.68,SILVER,SILVER_LOW_NATIVE_SN,5.0,matched,6,p3sf:q1:d088:stability:v1,1568727932,471892114.0,5.091152175405727,5.020587434543265,True,CL,0.0,unclassifiable,FIT_BOUNDARY_VALIDITY_AUDIT_NOT_IMPLEMENTED,unclassifiable,SOURCE_PROTOCOL_PIXEL_NSIGMA_PREPROCESSING_NOT_IMPLEMENTED,ok,502.6338555952026,58.81319670111232,1.7161984386615603,False,44.20979364142195,ok,229.5733396795123,47.87696862948311,0.8066450661380642,False,43.99792241240114
SDSSJ012256.19-000252.68,SILVER,SILVER_LOW_NATIVE_SN,5.0,faint_only,7,p3sf:q1:d088:stability:v1,2982987734,,5.056010917623647,14.271770076990919,True,CL,0.0,unclassifiable,FIT_BOUNDARY_VALIDITY_AUDIT_NOT_IMPLEMENTED,unclassifiable,SOURCE_PROTOCOL_PIXEL_NSIGMA_PREPROCESSING_NOT_IMPLEMENTED,ok,674.6032276882547,85.40830337431274,3.2296126184119096,True,44.18062227709266,ok,219.80402011513257,56.82304816458063,0.6927710392386605,False,43.90985592642633
SDSSJ012256.19-000252.68,SILVER,SILVER_LOW_NATIVE_SN,5.0,matched,7,p3sf:q1:d088:stability:v1,2982987734,1045840374.0,5.056010917623647,4.993050380633923,True,CL,0.0,unclassifiable,FIT_BOUNDARY_VALIDITY_AUDIT_NOT_IMPLEMENTED,unclassifiable,SOURCE_PROTOCOL_PIXEL_NSIGMA_PREPROCESSING_NOT_IMPLEMENTED,ok,952.0869377295015,237.78570705576914,1.7512696468931923,False,43.93970045123913,ok,219.80402011513257,56.82304816458063,0.6927710392386605,False,43.90985592642633
SDSSJ012256.19-000252.68,SILVER,SILVER_LOW_NATIVE_SN,5.0,faint_only,8,p3sf:q1:d088:stability:v1,1646052256,,4.936454933537116,14.271770076990919,True,CL,0.0,unclassifiable,FIT_BOUNDARY_VALIDITY_AUDIT_NOT_IMPLEMENTED,unclassifiable,SOURCE_PROTOCOL_PIXEL_NSIGMA_PREPROCESSING_NOT_IMPLEMENTED,ok,674.6032276882547,85.40830337431274,3.2296126184119096,True,44.18062227709266,ok,565.376256725459,116.20211480286342,1.1200745572251782,False,43.99771278023324
SDSSJ012256.19-000252.68,SILVER,SILVER_LOW_NATIVE_SN,5.0,matched,8,p3sf:q1:d088:stability:v1,1646052256,2337246416.0,4.936454933537116,5.05680452011656,True,CL,0.0,unclassifiable,FIT_BOUNDARY_VALIDITY_AUDIT_NOT_IMPLEMENTED,unclassifiable,SOURCE_PROTOCOL_PIXEL_NSIGMA_PREPROCESSING_NOT_IMPLEMENTED,ok,519.0766577357354,65.94234638598574,1.8209891141230203,False,44.17917013870098,ok,565.376256725459,116.20211480286342,1.1200745572251782,False,43.99771278023324
SDSSJ012256.19-000252.68,SILVER,SILVER_LOW_NATIVE_SN,5.0,faint_only,9,p3sf:q1:d088:stability:v1,248999451,,4.908237806761225,14.271770076990919,True,CL,0.0,unclassifiable,FIT_BOUNDARY_VALIDITY_AUDIT_NOT_IMPLEMENTED,unclassifiable,SOURCE_PROTOCOL_PIXEL_NSIGMA_PREPROCESSING_NOT_IMPLEMENTED,ok,674.6032276882547,85.40830337431274,3.2296126184119096,True,44.18062227709266,ok,237.9823748245251,53.84655591164444,0.9479133357453084,False,43.95965070558115
SDSSJ012256.19-000252.68,SILVER,SILVER_LOW_NATIVE_SN,5.0,matched,9,p3sf:q1:d088:stability:v1,248999451,825529567.0,4.908237806761225,5.041393741416628,True,CL,0.0,unclassifiable,FIT_BOUNDARY_VALIDITY_AUDIT_NOT_IMPLEMENTED,unclassifiable,SOURCE_PROTOCOL_PIXEL_NSIGMA_PREPROCESSING_NOT_IMPLEMENTED,ok,510.19594869186403,62.12073803824026,1.5710281892608953,False,44.19775923939596,ok,237.9823748245251,53.84655591164444,0.9479133357453084,False,43.95965070558115
SDSSJ012256.19-000252.68,SILVER,SILVER_LOW_NATIVE_SN,5.0,faint_only,10,p3sf:q1:d088:stability:v1,1964429951,,5.137324250979007,14.271770076990919,True,CL,0.0,unclassifiable,FIT_BOUNDARY_VALIDITY_AUDIT_NOT_IMPLEMENTED,unclassifiable,SOURCE_PROTOCOL_PIXEL_NSIGMA_PREPROCESSING_NOT_IMPLEMENTED,ok,674.6032276882547,85.40830337431274,3.2296126184119096,True,44.18062227709266,ok,503.39690834132364,118.04152874839963,1.0941354166838435,False,43.954488997472694
SDSSJ012256.19-000252.68,SILVER,SILVER_LOW_NATIVE_SN,5.0,matched,10,p3sf:q1:d088:stability:v1,1964429951,2170937129.0,5.137324250979007,5.205115701058663,True,CL,0.0,unclassifiable,FIT_BOUNDARY_VALIDITY_AUDIT_NOT_IMPLEMENTED,unclassifiable,SOURCE_PROTOCOL_PIXEL_NSIGMA_PREPROCESSING_NOT_IMPLEMENTED,ok,690.908774408374,79.82842603432614,1.8658214274551073,False,44.21619208280485,ok,503.39690834132364,118.04152874839963,1.0941354166838435,False,43.954488997472694
SDSSJ012256.19-000252.68,SILVER,SILVER_LOW_NATIVE_SN,5.0,faint_only,11,p3sf:q1:d088:stability:v1,2012436435,,5.009441801000691,14.271770076990919,True,CL,0.0,unclassifiable,FIT_BOUNDARY_VALIDITY_AUDIT_NOT_IMPLEMENTED,unclassifiable,SOURCE_PROTOCOL_PIXEL_NSIGMA_PREPROCESSING_NOT_IMPLEMENTED,ok,674.6032276882547,85.40830337431274,3.2296126184119096,True,44.18062227709266,ok,0.008687168478360364,0.0016352585693014234,9.966075513372793e-06,False,44.03196599008002
SDSSJ012256.19-000252.68,SILVER,SILVER_LOW_NATIVE_SN,5.0,matched,11,p3sf:q1:d088:stability:v1,2012436435,3658696122.0,5.009441801000691,4.976341049216422,True,CL,0.0,unclassifiable,FIT_BOUNDARY_VALIDITY_AUDIT_NOT_IMPLEMENTED,unclassifiable,SOURCE_PROTOCOL_PIXEL_NSIGMA_PREPROCESSING_NOT_IMPLEMENTED,ok,468.4551606604764,67.50975806131792,1.5953199506032156,False,44.116673937356964,ok,0.008687168478360364,0.0016352585693014234,9.966075513372793e-06,False,44.03196599008002
SDSSJ012256.19-000252.68,SILVER,SILVER_LOW_NATIVE_SN,5.0,faint_only,12,p3sf:q1:d088:stability:v1,1715070545,,4.9982043270887235,14.271770076990919,True,CL,0.0,unclassifiable,FIT_BOUNDARY_VALIDITY_AUDIT_NOT_IMPLEMENTED,unclassifiable,SOURCE_PROTOCOL_PIXEL_NSIGMA_PREPROCESSING_NOT_IMPLEMENTED,ok,674.6032276882547,85.40830337431274,3.2296126184119096,True,44.18062227709266,ok,294.23990087528324,50.231049823443186,0.7855099814465494,False,44.080062675843145
SDSSJ012256.19-000252.68,SILVER,SILVER_LOW_NATIVE_SN,5.0,matched,12,p3sf:q1:d088:stability:v1,1715070545,1397565664.0,4.9982043270887235,5.035711622711987,True,CL,0.0,unclassifiable,FIT_BOUNDARY_VALIDITY_AUDIT_NOT_IMPLEMENTED,unclassifiable,SOURCE_PROTOCOL_PIXEL_NSIGMA_PREPROCESSING_NOT_IMPLEMENTED,ok,646.2321751429743,104.97259168476822,1.100627395304049,False,44.06581978426572,ok,294.23990087528324,50.231049823443186,0.7855099814465494,False,44.080062675843145
SDSSJ012256.19-000252.68,SILVER,SILVER_LOW_NATIVE_SN,5.0,faint_only,13,p3sf:q1:d088:stability:v1,2156228203,,5.0697814088361834,14.271770076990919,True,CL,0.0,unclassifiable,FIT_BOUNDARY_VALIDITY_AUDIT_NOT_IMPLEMENTED,unclassifiable,SOURCE_PROTOCOL_PIXEL_NSIGMA_PREPROCESSING_NOT_IMPLEMENTED,ok,674.6032276882547,85.40830337431274,3.2296126184119096,True,44.18062227709266,ok,200.04018186312624,36.092097840160925,0.6972786439986737,False,44.05212918606717
SDSSJ012256.19-000252.68,SILVER,SILVER_LOW_NATIVE_SN,5.0,matched,13,p3sf:q1:d088:stability:v1,2156228203,4256059938.0,5.0697814088361834,4.988098630025221,True,CL,0.0,unclassifiable,FIT_BOUNDARY_VALIDITY_AUDIT_NOT_IMPLEMENTED,unclassifiable,SOURCE_PROTOCOL_PIXEL_NSIGMA_PREPROCESSING_NOT_IMPLEMENTED,ok,431.89720597939265,53.12967438424147,1.6809199918749886,False,44.18866832072961,ok,200.04018186312624,36.092097840160925,0.6972786439986737,False,44.05212918606717
SDSSJ012256.19-000252.68,SILVER,SILVER_LOW_NATIVE_SN,5.0,faint_only,14,p3sf:q1:d088:stability:v1,306672440,,5.017768831402878,14.271770076990919,True,CL,0.0,unclassifiable,FIT_BOUNDARY_VALIDITY_AUDIT_NOT_IMPLEMENTED,unclassifiable,SOURCE_PROTOCOL_PIXEL_NSIGMA_PREPROCESSING_NOT_IMPLEMENTED,ok,674.6032276882547,85.40830337431274,3.2296126184119096,True,44.18062227709266,ok,192.31494890380844,48.37657520687979,0.9192826715215505,False,43.91319486734303
SDSSJ012256.19-000252.68,SILVER,SILVER_LOW_NATIVE_SN,5.0,matched,14,p3sf:q1:d088:stability:v1,306672440,2397016576.0,5.017768831402878,4.933138963822512,True,CL,0.0,unclassifiable,FIT_BOUNDARY_VALIDITY_AUDIT_NOT_IMPLEMENTED,unclassifiable,SOURCE_PROTOCOL_PIXEL_NSIGMA_PREPROCESSING_NOT_IMPLEMENTED,ok,354.7833349504451,40.53335762521161,2.2766907527048987,False,44.22207733191111,ok,192.31494890380844,48.37657520687979,0.9192826715215505,False,43.91319486734303
SDSSJ012256.19-000252.68,SILVER,SILVER_LOW_NATIVE_SN,5.0,faint_only,15,p3sf:q1:d088:stability:v1,2031264437,,5.036293635637481,14.271770076990919,True,CL,0.0,unclassifiable,FIT_BOUNDARY_VALIDITY_AUDIT_NOT_IMPLEMENTED,unclassifiable,SOURCE_PROTOCOL_PIXEL_NSIGMA_PREPROCESSING_NOT_IMPLEMENTED,ok,674.6032276882547,85.40830337431274,3.2296126184119096,True,44.18062227709266,ok,273.26728649868556,62.769177777561175,0.8288725422644538,False,43.960250436133734
SDSSJ012256.19-000252.68,SILVER,SILVER_LOW_NATIVE_SN,5.0,matched,15,p3sf:q1:d088:stability:v1,2031264437,688635213.0,5.036293635637481,5.095880549434179,True,CL,0.0,unclassifiable,FIT_BOUNDARY_VALIDITY_AUDIT_NOT_IMPLEMENTED,unclassifiable,SOURCE_PROTOCOL_PIXEL_NSIGMA_PREPROCESSING_NOT_IMPLEMENTED,ok,483.29642224704395,64.16613067559179,1.5566043247463504,False,44.15871976482318,ok,273.26728649868556,62.769177777561175,0.8288725422644538,False,43.960250436133734
SDSSJ012256.19-000252.68,SILVER,SILVER_LOW_NATIVE_SN,5.0,faint_only,16,p3sf:q1:d088:stability:v1,902712622,,4.898472605404754,14.271770076990919,True,CL,0.0,unclassifiable,FIT_BOUNDARY_VALIDITY_AUDIT_NOT_IMPLEMENTED,unclassifiable,SOURCE_PROTOCOL_PIXEL_NSIGMA_PREPROCESSING_NOT_IMPLEMENTED,ok,674.6032276882547,85.40830337431274,3.2296126184119096,True,44.18062227709266,ok,69.45937832710047,24.269715417715354,0.35439959801198945,False,43.7827592035852
SDSSJ012256.19-000252.68,SILVER,SILVER_LOW_NATIVE_SN,5.0,matched,16,p3sf:q1:d088:stability:v1,902712622,4284087101.0,4.898472605404754,4.925824411362827,True,CL,0.0,unclassifiable,FIT_BOUNDARY_VALIDITY_AUDIT_NOT_IMPLEMENTED,unclassifiable,SOURCE_PROTOCOL_PIXEL_NSIGMA_PREPROCESSING_NOT_IMPLEMENTED,ok,404.52660932028664,48.6949602994427,1.464785334048755,False,44.196427866138706,ok,69.45937832710047,24.269715417715354,0.35439959801198945,False,43.7827592035852
SDSSJ012256.19-000252.68,SILVER,SILVER_LOW_NATIVE_SN,5.0,faint_only,17,p3sf:q1:d088:stability:v1,242861536,,5.0810629988586165,14.271770076990919,True,CL,0.0,unclassifiable,FIT_BOUNDARY_VALIDITY_AUDIT_NOT_IMPLEMENTED,unclassifiable,SOURCE_PROTOCOL_PIXEL_NSIGMA_PREPROCESSING_NOT_IMPLEMENTED,ok,674.6032276882547,85.40830337431274,3.2296126184119096,True,44.18062227709266,ok,7.340967985107174,1.8104291088789441,0.022452549449749067,False,43.916694157761725
SDSSJ012256.19-000252.68,SILVER,SILVER_LOW_NATIVE_SN,5.0,matched,17,p3sf:q1:d088:stability:v1,242861536,41170517.0,5.0810629988586165,4.989170051613106,True,CL,0.0,unclassifiable,FIT_BOUNDARY_VALIDITY_AUDIT_NOT_IMPLEMENTED,unclassifiable,SOURCE_PROTOCOL_PIXEL_NSIGMA_PREPROCESSING_NOT_IMPLEMENTED,ok,682.1561090456039,89.08105227384985,2.671539617421312,False,44.169691959585435,ok,7.340967985107174,1.8104291088789441,0.022452549449749067,False,43.916694157761725
SDSSJ012256.19-000252.68,SILVER,SILVER_LOW_NATIVE_SN,5.0,faint_only,18,p3sf:q1:d088:stability:v1,2515513165,,5.0271419446487,14.271770076990919,True,CL,0.0,unclassifiable,FIT_BOUNDARY_VALIDITY_AUDIT_NOT_IMPLEMENTED,unclassifiable,SOURCE_PROTOCOL_PIXEL_NSIGMA_PREPROCESSING_NOT_IMPLEMENTED,ok,674.6032276882547,85.40830337431274,3.2296126184119096,True,44.18062227709266,ok,164.27833125572823,33.27518722415867,0.6014192461433198,False,43.994408750814685
SDSSJ012256.19-000252.68,SILVER,SILVER_LOW_NATIVE_SN,5.0,matched,18,p3sf:q1:d088:stability:v1,2515513165,1749392326.0,5.0271419446487,5.048745330059262,True,CL,0.0,unclassifiable,FIT_BOUNDARY_VALIDITY_AUDIT_NOT_IMPLEMENTED,unclassifiable,SOURCE_PROTOCOL_PIXEL_NSIGMA_PREPROCESSING_NOT_IMPLEMENTED,ok,498.3550136597371,60.842292658592655,1.4175478202283254,False,44.19351619432256,ok,164.27833125572823,33.27518722415867,0.6014192461433198,False,43.994408750814685
SDSSJ012256.19-000252.68,SILVER,SILVER_LOW_NATIVE_SN,5.0,faint_only,19,p3sf:q1:d088:stability:v1,3855984508,,4.988200930860258,14.271770076990919,True,CL,0.0,unclassifiable,FIT_BOUNDARY_VALIDITY_AUDIT_NOT_IMPLEMENTED,unclassifiable,SOURCE_PROTOCOL_PIXEL_NSIGMA_PREPROCESSING_NOT_IMPLEMENTED,ok,674.6032276882547,85.40830337431274,3.2296126184119096,True,44.18062227709266,ok,271.6821515391188,54.733869865184346,0.8672313551478475,False,44.0117300895547
SDSSJ012256.19-000252.68,SILVER,SILVER_LOW_NATIVE_SN,5.0,matched,19,p3sf:q1:d088:stability:v1,3855984508,3172875551.0,4.988200930860258,5.042908229122982,True,CL,0.0,unclassifiable,FIT_BOUNDARY_VALIDITY_AUDIT_NOT_IMPLEMENTED,unclassifiable,SOURCE_PROTOCOL_PIXEL_NSIGMA_PREPROCESSING_NOT_IMPLEMENTED,ok,605.0225636894102,75.51069490543648,1.9045122202636693,False,44.18257122202378,ok,271.6821515391188,54.733869865184346,0.8672313551478475,False,44.0117300895547
SDSSJ012256.19-000252.68,SILVER,SILVER_LOW_NATIVE_SN,10.0,faint_only,0,p3sf:q1:d088:stability:v1,303278190,,9.88951338906438,14.271770076990919,True,CL,0.0,unclassifiable,FIT_BOUNDARY_VALIDITY_AUDIT_NOT_IMPLEMENTED,unclassifiable,SOURCE_PROTOCOL_PIXEL_NSIGMA_PREPROCESSING_NOT_IMPLEMENTED,ok,674.6032276882547,85.40830337431274,3.2296126184119096,True,44.18062227709266,ok,340.39483783154697,104.5639076804662,2.094852211743951,False,43.85519581873444
SDSSJ012256.19-000252.68,SILVER,SILVER_LOW_NATIVE_SN,10.0,matched,0,p3sf:q1:d088:stability:v1,303278190,1590351990.0,9.88951338906438,10.050184069427921,True,CL,0.0,unclassifiable,FIT_BOUNDARY_VALIDITY_AUDIT_NOT_IMPLEMENTED,unclassifiable,SOURCE_PROTOCOL_PIXEL_NSIGMA_PREPROCESSING_NOT_IMPLEMENTED,ok,609.6265072863587,82.01380069330219,3.94593714776152,True,44.155534650645066,ok,340.39483783154697,104.5639076804662,2.094852211743951,False,43.85519581873444
SDSSJ012256.19-000252.68,SILVER,SILVER_LOW_NATIVE_SN,10.0,faint_only,1,p3sf:q1:d088:stability:v1,2103803460,,9.999143487936486,14.271770076990919,True,CL,0.0,unclassifiable,FIT_BOUNDARY_VALIDITY_AUDIT_NOT_IMPLEMENTED,unclassifiable,SOURCE_PROTOCOL_PIXEL_NSIGMA_PREPROCESSING_NOT_IMPLEMENTED,ok,674.6032276882547,85.40830337431274,3.2296126184119096,True,44.18062227709266,ok,211.23885531256767,43.489492671239184,1.7319653082917794,False,44.00038203703178
SDSSJ012256.19-000252.68,SILVER,SILVER_LOW_NATIVE_SN,10.0,matched,1,p3sf:q1:d088:stability:v1,2103803460,3205741091.0,9.999143487936486,10.137675159958535,True,CL,0.0,unclassifiable,FIT_BOUNDARY_VALIDITY_AUDIT_NOT_IMPLEMENTED,unclassifiable,SOURCE_PROTOCOL_PIXEL_NSIGMA_PREPROCESSING_NOT_IMPLEMENTED,ok,569.9089047265445,69.21663903062267,3.730465927471333,True,44.19548947619951,ok,211.23885531256767,43.489492671239184,1.7319653082917794,False,44.00038203703178
SDSSJ012256.19-000252.68,SILVER,SILVER_LOW_NATIVE_SN,10.0,faint_only,2,p3sf:q1:d088:stability:v1,4275695058,,9.963321415066577,14.271770076990919,True,CL,0.0,unclassifiable,FIT_BOUNDARY_VALIDITY_AUDIT_NOT_IMPLEMENTED,unclassifiable,SOURCE_PROTOCOL_PIXEL_NSIGMA_PREPROCESSING_NOT_IMPLEMENTED,ok,674.6032276882547,85.40830337431274,3.2296126184119096,True,44.18062227709266,ok,102.15251645961231,18.872771363063947,0.5392031692655774,False,44.030585896095225
SDSSJ012256.19-000252.68,SILVER,SILVER_LOW_NATIVE_SN,10.0,matched,2,p3sf:q1:d088:stability:v1,4275695058,3816667184.0,9.963321415066577,9.961957410891237,True,CL,0.0,unclassifiable,FIT_BOUNDARY_VALIDITY_AUDIT_NOT_IMPLEMENTED,unclassifiable,SOURCE_PROTOCOL_PIXEL_NSIGMA_PREPROCESSING_NOT_IMPLEMENTED,ok,518.4808173633122,63.0607694048348,3.30911898532571,True,44.19461892660945,ok,102.15251645961231,18.872771363063947,0.5392031692655774,False,44.030585896095225
SDSSJ012256.19-000252.68,SILVER,SILVER_LOW_NATIVE_SN,10.0,faint_only,3,p3sf:q1:d088:stability:v1,2276929438,,9.985457265558384,14.271770076990919,True,CL,0.0,unclassifiable,FIT_BOUNDARY_VALIDITY_AUDIT_NOT_IMPLEMENTED,unclassifiable,SOURCE_PROTOCOL_PIXEL_NSIGMA_PREPROCESSING_NOT_IMPLEMENTED,ok,674.6032276882547,85.40830337431274,3.2296126184119096,True,44.18062227709266,ok,261.4351508151833,57.0303777562975,2.0763152487604795,False,43.979783160029626
SDSSJ012256.19-000252.68,SILVER,SILVER_LOW_NATIVE_SN,10.0,matched,3,p3sf:q1:d088:stability:v1,2276929438,4019636065.0,9.985457265558384,10.007280298920657,True,CL,0.0,unclassifiable,FIT_BOUNDARY_VALIDITY_AUDIT_NOT_IMPLEMENTED,unclassifiable,SOURCE_PROTOCOL_PIXEL_NSIGMA_PREPROCESSING_NOT_IMPLEMENTED,ok,581.090562027141,75.6609779718071,4.139685660125819,True,44.166171814447246,ok,261.4351508151833,57.0303777562975,2.0763152487604795,False,43.979783160029626
SDSSJ012256.19-000252.68,SILVER,SILVER_LOW_NATIVE_SN,10.0,faint_only,4,p3sf:q1:d088:stability:v1,3375067491,,9.979075387009534,14.271770076990919,True,CL,0.0,unclassifiable,FIT_BOUNDARY_VALIDITY_AUDIT_NOT_IMPLEMENTED,unclassifiable,SOURCE_PROTOCOL_PIXEL_NSIGMA_PREPROCESSING_NOT_IMPLEMENTED,ok,674.6032276882547,85.40830337431274,3.2296126184119096,True,44.18062227709266,ok,233.67236920713154,47.27091041089039,1.7090153260306422,False,44.00895924107057
SDSSJ012256.19-000252.68,SILVER,SILVER_LOW_NATIVE_SN,10.0,matched,4,p3sf:q1:d088:stability:v1,3375067491,925746879.0,9.979075387009534,9.973191875799161,True,CL,0.0,unclassifiable,FIT_BOUNDARY_VALIDITY_AUDIT_NOT_IMPLEMENTED,unclassifiable,SOURCE_PROTOCOL_PIXEL_NSIGMA_PREPROCESSING_NOT_IMPLEMENTED,ok,564.6224717108101,69.29381247064318,3.382757854188799,True,44.19136781851896,ok,233.67236920713154,47.27091041089039,1.7090153260306422,False,44.00895924107057
SDSSJ012256.19-000252.68,SILVER,SILVER_LOW_NATIVE_SN,10.0,faint_only,5,p3sf:q1:d088:stability:v1,2922919769,,10.085566376879708,14.271770076990919,True,CL,0.0,unclassifiable,FIT_BOUNDARY_VALIDITY_AUDIT_NOT_IMPLEMENTED,unclassifiable,SOURCE_PROTOCOL_PIXEL_NSIGMA_PREPROCESSING_NOT_IMPLEMENTED,ok,674.6032276882547,85.40830337431274,3.2296126184119096,True,44.18062227709266,ok,372.07443102276324,87.25531487667196,1.4070718707867258,False,43.94470565789148
SDSSJ012256.19-000252.68,SILVER,SILVER_LOW_NATIVE_SN,10.0,matched,5,p3sf:q1:d088:stability:v1,2922919769,1944386817.0,10.085566376879708,10.026583797308966,True,CL,0.0,unclassifiable,FIT_BOUNDARY_VALIDITY_AUDIT_NOT_IMPLEMENTED,unclassifiable,SOURCE_PROTOCOL_PIXEL_NSIGMA_PREPROCESSING_NOT_IMPLEMENTED,ok,563.674265699595,75.34616757000505,3.7117706718112498,True,44.15656406454596,ok,372.07443102276324,87.25531487667196,1.4070718707867258,False,43.94470565789148
SDSSJ012256.19-000252.68,SILVER,SILVER_LOW_NATIVE_SN,10.0,faint_only,6,p3sf:q1:d088:stability:v1,4264866022,,9.960433325353371,14.271770076990919,True,CL,0.0,unclassifiable,FIT_BOUNDARY_VALIDITY_AUDIT_NOT_IMPLEMENTED,unclassifiable,SOURCE_PROTOCOL_PIXEL_NSIGMA_PREPROCESSING_NOT_IMPLEMENTED,ok,674.6032276882547,85.40830337431274,3.2296126184119096,True,44.18062227709266,ok,303.3785676854683,83.23908313086655,1.565202784770871,False,43.89741438976751
SDSSJ012256.19-000252.68,SILVER,SILVER_LOW_NATIVE_SN,10.0,matched,6,p3sf:q1:d088:stability:v1,4264866022,3403303782.0,9.960433325353371,10.096440600536585,True,CL,0.0,unclassifiable,FIT_BOUNDARY_VALIDITY_AUDIT_NOT_IMPLEMENTED,unclassifiable,SOURCE_PROTOCOL_PIXEL_NSIGMA_PREPROCESSING_NOT_IMPLEMENTED,ok,554.1921819835998,81.6588507228924,2.769911146944041,False,44.11088888076093,ok,303.3785676854683,83.23908313086655,1.565202784770871,False,43.89741438976751
SDSSJ012256.19-000252.68,SILVER,SILVER_LOW_NATIVE_SN,10.0,faint_only,7,p3sf:q1:d088:stability:v1,4095448508,,10.038819145948896,14.271770076990919,True,CL,0.0,unclassifiable,FIT_BOUNDARY_VALIDITY_AUDIT_NOT_IMPLEMENTED,unclassifiable,SOURCE_PROTOCOL_PIXEL_NSIGMA_PREPROCESSING_NOT_IMPLEMENTED,ok,674.6032276882547,85.40830337431274,3.2296126184119096,True,44.18062227709266,ok,176.61677328305495,33.70162195023717,1.2837862806128921,False,44.027184446969734
SDSSJ012256.19-000252.68,SILVER,SILVER_LOW_NATIVE_SN,10.0,matched,7,p3sf:q1:d088:stability:v1,4095448508,1152393769.0,10.038819145948896,9.949451653008662,True,CL,0.0,unclassifiable,FIT_BOUNDARY_VALIDITY_AUDIT_NOT_IMPLEMENTED,unclassifiable,SOURCE_PROTOCOL_PIXEL_NSIGMA_PREPROCESSING_NOT_IMPLEMENTED,ok,641.8248791911692,83.50829914222052,2.2174151592127407,False,44.16933881961623,ok,176.61677328305495,33.70162195023717,1.2837862806128921,False,44.027184446969734
SDSSJ012256.19-000252.68,SILVER,SILVER_LOW_NATIVE_SN,10.0,faint_only,8,p3sf:q1:d088:stability:v1,902634474,,9.919010889583499,14.271770076990919,True,CL,0.0,unclassifiable,FIT_BOUNDARY_VALIDITY_AUDIT_NOT_IMPLEMENTED,unclassifiable,SOURCE_PROTOCOL_PIXEL_NSIGMA_PREPROCESSING_NOT_IMPLEMENTED,ok,674.6032276882547,85.40830337431274,3.2296126184119096,True,44.18062227709266,ok,213.45875472795086,41.12293109023301,1.2221345923938771,False,44.02596525077399
SDSSJ012256.19-000252.68,SILVER,SILVER_LOW_NATIVE_SN,10.0,matched,8,p3sf:q1:d088:stability:v1,902634474,4291894014.0,9.919010889583499,9.838267331290151,True,CL,0.0,unclassifiable,FIT_BOUNDARY_VALIDITY_AUDIT_NOT_IMPLEMENTED,unclassifiable,SOURCE_PROTOCOL_PIXEL_NSIGMA_PREPROCESSING_NOT_IMPLEMENTED,ok,426.59894611221534,55.173967103263784,2.911902212546056,False,44.16959795685697,ok,213.45875472795086,41.12293109023301,1.2221345923938771,False,44.02596525077399
SDSSJ012256.19-000252.68,SILVER,SILVER_LOW_NATIVE_SN,10.0,faint_only,9,p3sf:q1:d088:stability:v1,3657926663,,10.059728222743507,14.271770076990919,True,CL,0.0,unclassifiable,FIT_BOUNDARY_VALIDITY_AUDIT_NOT_IMPLEMENTED,unclassifiable,SOURCE_PROTOCOL_PIXEL_NSIGMA_PREPROCESSING_NOT_IMPLEMENTED,ok,674.6032276882547,85.40830337431274,3.2296126184119096,True,44.18062227709266,ok,257.7933712224582,51.79560369729114,1.6855194380500154,False,44.01153064169037
SDSSJ012256.19-000252.68,SILVER,SILVER_LOW_NATIVE_SN,10.0,matched,9,p3sf:q1:d088:stability:v1,3657926663,3581261808.0,10.059728222743507,9.880239746422735,True,CL,0.0,unclassifiable,FIT_BOUNDARY_VALIDITY_AUDIT_NOT_IMPLEMENTED,unclassifiable,SOURCE_PROTOCOL_PIXEL_NSIGMA_PREPROCESSING_NOT_IMPLEMENTED,ok,413.8990389587592,52.69973927838653,3.5692663515796568,True,44.17646899738055,ok,257.7933712224582,51.79560369729114,1.6855194380500154,False,44.01153064169037
SDSSJ012256.19-000252.68,SILVER,SILVER_LOW_NATIVE_SN,10.0,faint_only,10,p3sf:q1:d088:stability:v1,3088109450,,9.998033785127829,14.271770076990919,True,CL,0.0,unclassifiable,FIT_BOUNDARY_VALIDITY_AUDIT_NOT_IMPLEMENTED,unclassifiable,SOURCE_PROTOCOL_PIXEL_NSIGMA_PREPROCESSING_NOT_IMPLEMENTED,ok,674.6032276882547,85.40830337431274,3.2296126184119096,True,44.18062227709266,ok,275.6724039969722,66.9387512454544,1.2302396857248614,False,43.939844467543615
SDSSJ012256.19-000252.68,SILVER,SILVER_LOW_NATIVE_SN,10.0,matched,10,p3sf:q1:d088:stability:v1,3088109450,1940721658.0,9.998033785127829,10.11814781720824,True,CL,0.0,unclassifiable,FIT_BOUNDARY_VALIDITY_AUDIT_NOT_IMPLEMENTED,unclassifiable,SOURCE_PROTOCOL_PIXEL_NSIGMA_PREPROCESSING_NOT_IMPLEMENTED,ok,586.2966168492612,72.93224107320697,3.3109651037581997,True,44.18425932760501,ok,275.6724039969722,66.9387512454544,1.2302396857248614,False,43.939844467543615
SDSSJ012256.19-000252.68,SILVER,SILVER_LOW_NATIVE_SN,10.0,faint_only,11,p3sf:q1:d088:stability:v1,798026981,,9.848788197789581,14.271770076990919,True,CL,0.0,unclassifiable,FIT_BOUNDARY_VALIDITY_AUDIT_NOT_IMPLEMENTED,unclassifiable,SOURCE_PROTOCOL_PIXEL_NSIGMA_PREPROCESSING_NOT_IMPLEMENTED,ok,674.6032276882547,85.40830337431274,3.2296126184119096,True,44.18062227709266,ok,225.35222381847316,44.981782963422916,1.0477907594397127,False,44.0096735522392
SDSSJ012256.19-000252.68,SILVER,SILVER_LOW_NATIVE_SN,10.0,matched,11,p3sf:q1:d088:stability:v1,798026981,2578010263.0,9.848788197789581,9.888579216803118,True,CL,0.0,unclassifiable,FIT_BOUNDARY_VALIDITY_AUDIT_NOT_IMPLEMENTED,unclassifiable,SOURCE_PROTOCOL_PIXEL_NSIGMA_PREPROCESSING_NOT_IMPLEMENTED,ok,520.9583929335574,67.72579197865831,3.9375647235947704,True,44.16779387024999,ok,225.35222381847316,44.981782963422916,1.0477907594397127,False,44.0096735522392
SDSSJ012256.19-000252.68,SILVER,SILVER_LOW_NATIVE_SN,10.0,faint_only,12,p3sf:q1:d088:stability:v1,3112024838,,10.007094116335788,14.271770076990919,True,CL,0.0,unclassifiable,FIT_BOUNDARY_VALIDITY_AUDIT_NOT_IMPLEMENTED,unclassifiable,SOURCE_PROTOCOL_PIXEL_NSIGMA_PREPROCESSING_NOT_IMPLEMENTED,ok,674.6032276882547,85.40830337431274,3.2296126184119096,True,44.18062227709266,ok,328.2507480435174,94.69605649669786,1.5261832731075662,False,43.87886024028092
SDSSJ012256.19-000252.68,SILVER,SILVER_LOW_NATIVE_SN,10.0,matched,12,p3sf:q1:d088:stability:v1,3112024838,1197995265.0,10.007094116335788,9.977200979272402,True,CL,0.0,unclassifiable,FIT_BOUNDARY_VALIDITY_AUDIT_NOT_IMPLEMENTED,unclassifiable,SOURCE_PROTOCOL_PIXEL_NSIGMA_PREPROCESSING_NOT_IMPLEMENTED,ok,587.9262004343898,75.00889854904416,3.8192614610977844,True,44.17490814195322,ok,328.2507480435174,94.69605649669786,1.5261832731075662,False,43.87886024028092
SDSSJ012256.19-000252.68,SILVER,SILVER_LOW_NATIVE_SN,10.0,faint_only,13,p3sf:q1:d088:stability:v1,1062591445,,9.995715501198037,14.271770076990919,True,CL,0.0,unclassifiable,FIT_BOUNDARY_VALIDITY_AUDIT_NOT_IMPLEMENTED,unclassifiable,SOURCE_PROTOCOL_PIXEL_NSIGMA_PREPROCESSING_NOT_IMPLEMENTED,ok,674.6032276882547,85.40830337431274,3.2296126184119096,True,44.18062227709266,ok,310.18759943420235,59.293812471864264,1.1151636518065267,False,44.027056898518666
SDSSJ012256.19-000252.68,SILVER,SILVER_LOW_NATIVE_SN,10.0,matched,13,p3sf:q1:d088:stability:v1,1062591445,3077427626.0,9.995715501198037,9.869202037691133,True,CL,0.0,unclassifiable,FIT_BOUNDARY_VALIDITY_AUDIT_NOT_IMPLEMENTED,unclassifiable,SOURCE_PROTOCOL_PIXEL_NSIGMA_PREPROCESSING_NOT_IMPLEMENTED,ok,504.2436240659672,63.44010526269353,2.7115102532151476,False,44.18293080142594,ok,310.18759943420235,59.293812471864264,1.1151636518065267,False,44.027056898518666
SDSSJ012256.19-000252.68,SILVER,SILVER_LOW_NATIVE_SN,10.0,faint_only,14,p3sf:q1:d088:stability:v1,2818536131,,10.069075993495865,14.271770076990919,True,CL,0.0,unclassifiable,FIT_BOUNDARY_VALIDITY_AUDIT_NOT_IMPLEMENTED,unclassifiable,SOURCE_PROTOCOL_PIXEL_NSIGMA_PREPROCESSING_NOT_IMPLEMENTED,ok,674.6032276882547,85.40830337431274,3.2296126184119096,True,44.18062227709266,ok,212.3114727697984,40.68007547249339,1.119325656499039,False,44.031128824758646
SDSSJ012256.19-000252.68,SILVER,SILVER_LOW_NATIVE_SN,10.0,matched,14,p3sf:q1:d088:stability:v1,2818536131,1522352971.0,10.069075993495865,10.035984283914464,True,CL,0.0,unclassifiable,FIT_BOUNDARY_VALIDITY_AUDIT_NOT_IMPLEMENTED,unclassifiable,SOURCE_PROTOCOL_PIXEL_NSIGMA_PREPROCESSING_NOT_IMPLEMENTED,ok,555.1897045917855,68.74067589750028,4.022926484815068,True,44.18633102923238,ok,212.3114727697984,40.68007547249339,1.119325656499039,False,44.031128824758646
SDSSJ012256.19-000252.68,SILVER,SILVER_LOW_NATIVE_SN,10.0,faint_only,15,p3sf:q1:d088:stability:v1,81257004,,10.008953270886066,14.271770076990919,True,CL,0.0,unclassifiable,FIT_BOUNDARY_VALIDITY_AUDIT_NOT_IMPLEMENTED,unclassifiable,SOURCE_PROTOCOL_PIXEL_NSIGMA_PREPROCESSING_NOT_IMPLEMENTED,ok,674.6032276882547,85.40830337431274,3.2296126184119096,True,44.18062227709266,ok,222.1280962783888,48.43304116659367,1.3502281508107412,False,43.97643534373209
SDSSJ012256.19-000252.68,SILVER,SILVER_LOW_NATIVE_SN,10.0,matched,15,p3sf:q1:d088:stability:v1,81257004,3057901725.0,10.008953270886066,9.920986884368315,True,CL,0.0,unclassifiable,FIT_BOUNDARY_VALIDITY_AUDIT_NOT_IMPLEMENTED,unclassifiable,SOURCE_PROTOCOL_PIXEL_NSIGMA_PREPROCESSING_NOT_IMPLEMENTED,ok,589.4848673463615,76.21761319299311,3.97852416274696,True,44.168933601766746,ok,222.1280962783888,48.43304116659367,1.3502281508107412,False,43.97643534373209
SDSSJ012256.19-000252.68,SILVER,SILVER_LOW_NATIVE_SN,10.0,faint_only,16,p3sf:q1:d088:stability:v1,346194872,,9.987929567760373,14.271770076990919,True,CL,0.0,unclassifiable,FIT_BOUNDARY_VALIDITY_AUDIT_NOT_IMPLEMENTED,unclassifiable,SOURCE_PROTOCOL_PIXEL_NSIGMA_PREPROCESSING_NOT_IMPLEMENTED,ok,674.6032276882547,85.40830337431274,3.2296126184119096,True,44.18062227709266,ok,206.32123267122742,42.62995451444234,1.709793592936606,False,43.997803542510525
SDSSJ012256.19-000252.68,SILVER,SILVER_LOW_NATIVE_SN,10.0,matched,16,p3sf:q1:d088:stability:v1,346194872,1739461947.0,9.987929567760373,9.874649593754134,True,CL,0.0,unclassifiable,FIT_BOUNDARY_VALIDITY_AUDIT_NOT_IMPLEMENTED,unclassifiable,SOURCE_PROTOCOL_PIXEL_NSIGMA_PREPROCESSING_NOT_IMPLEMENTED,ok,477.37808177042865,66.37196299434117,3.5238467768639907,True,44.138717297890246,ok,206.32123267122742,42.62995451444234,1.709793592936606,False,43.997803542510525
SDSSJ012256.19-000252.68,SILVER,SILVER_LOW_NATIVE_SN,10.0,faint_only,17,p3sf:q1:d088:stability:v1,2181618432,,9.98859263163977,14.271770076990919,True,CL,0.0,unclassifiable,FIT_BOUNDARY_VALIDITY_AUDIT_NOT_IMPLEMENTED,unclassifiable,SOURCE_PROTOCOL_PIXEL_NSIGMA_PREPROCESSING_NOT_IMPLEMENTED,ok,674.6032276882547,85.40830337431274,3.2296126184119096,True,44.18062227709266,ok,232.48933330387467,46.42017085883856,1.8756720842520884,False,44.013455955470114
SDSSJ012256.19-000252.68,SILVER,SILVER_LOW_NATIVE_SN,10.0,matched,17,p3sf:q1:d088:stability:v1,2181618432,2588782995.0,9.98859263163977,9.938869828590475,True,CL,0.0,unclassifiable,FIT_BOUNDARY_VALIDITY_AUDIT_NOT_IMPLEMENTED,unclassifiable,SOURCE_PROTOCOL_PIXEL_NSIGMA_PREPROCESSING_NOT_IMPLEMENTED,ok,453.0828516751055,60.09571459946254,3.6393180941399668,True,44.16051109940009,ok,232.48933330387467,46.42017085883856,1.8756720842520884,False,44.013455955470114
SDSSJ012256.19-000252.68,SILVER,SILVER_LOW_NATIVE_SN,10.0,faint_only,18,p3sf:q1:d088:stability:v1,846080421,,9.942688477385394,14.271770076990919,True,CL,0.0,unclassifiable,FIT_BOUNDARY_VALIDITY_AUDIT_NOT_IMPLEMENTED,unclassifiable,SOURCE_PROTOCOL_PIXEL_NSIGMA_PREPROCESSING_NOT_IMPLEMENTED,ok,674.6032276882547,85.40830337431274,3.2296126184119096,True,44.18062227709266,ok,13.960377613571875,2.9975268030700155,0.062568774761928,False,43.97822886690646
SDSSJ012256.19-000252.68,SILVER,SILVER_LOW_NATIVE_SN,10.0,matched,18,p3sf:q1:d088:stability:v1,846080421,2713700620.0,9.942688477385394,10.052722613117831,True,CL,0.0,unclassifiable,FIT_BOUNDARY_VALIDITY_AUDIT_NOT_IMPLEMENTED,unclassifiable,SOURCE_PROTOCOL_PIXEL_NSIGMA_PREPROCESSING_NOT_IMPLEMENTED,ok,570.815135879216,69.52345623301267,4.018481574387452,True,44.192213319448726,ok,13.960377613571875,2.9975268030700155,0.062568774761928,False,43.97822886690646
SDSSJ012256.19-000252.68,SILVER,SILVER_LOW_NATIVE_SN,10.0,faint_only,19,p3sf:q1:d088:stability:v1,1944837606,,9.96860279049871,14.271770076990919,True,CL,0.0,unclassifiable,FIT_BOUNDARY_VALIDITY_AUDIT_NOT_IMPLEMENTED,unclassifiable,SOURCE_PROTOCOL_PIXEL_NSIGMA_PREPROCESSING_NOT_IMPLEMENTED,ok,674.6032276882547,85.40830337431274,3.2296126184119096,True,44.18062227709266,ok,217.90019572158562,44.73620767801417,1.7825414308401806,False,44.0019181063174
SDSSJ012256.19-000252.68,SILVER,SILVER_LOW_NATIVE_SN,10.0,matched,19,p3sf:q1:d088:stability:v1,1944837606,10333067.0,9.96860279049871,10.030867574802928,True,CL,0.0,unclassifiable,FIT_BOUNDARY_VALIDITY_AUDIT_NOT_IMPLEMENTED,unclassifiable,SOURCE_PROTOCOL_PIXEL_NSIGMA_PREPROCESSING_NOT_IMPLEMENTED,ok,676.975142311788,87.95008265882711,4.542769645890221,True,44.16856889024376,ok,217.90019572158562,44.73620767801417,1.7825414308401806,False,44.0019181063174
